,HgtMOLA,LatPC,LonW,Denkgm3,Temp,EWind,EWTot,NWind,NWTot,VWind,DensP
0,124.87,-0.14,359.6,1.699e-09,122.1,14.5,30.9,19.0,-20.3,2.8,1.296337e-09
1,124.77,-0.14,359.6,1.726e-09,122.0,14.5,35.0,19.1,-20.8,3.1,1.3946080000000002e-09
2,124.67,-0.14,359.6,1.753e-09,121.9,14.4,35.6,19.2,-19.7,3.7,1.362081e-09
3,124.57,-0.14,359.6,1.781e-09,121.8,14.4,33.7,19.2,-20.9,4.3,1.49604e-09
4,124.47,-0.14,359.6,1.809e-09,121.6,14.3,33.2,19.3,-22.5,4.6,1.534032e-09
5,124.37,-0.14,359.6,1.838e-09,121.5,14.2,37.5,19.3,-24.5,4.1,1.4373160000000001e-09
6,124.27,-0.14,359.6,1.867e-09,121.4,14.2,36.1,19.4,-23.8,4.6,1.43759e-09
7,124.17,-0.14,359.6,1.896e-09,121.2,14.1,36.7,19.5,-20.5,3.6,1.619184e-09
8,124.07,-0.14,359.6,1.926e-09,121.1,14.1,37.7,19.5,-20.4,4.0,1.7218440000000002e-09
9,123.97,-0.14,359.6,1.957e-09,121.0,14.0,35.2,19.6,-18.5,3.3,1.7162890000000002e-09
10,123.87,-0.14,359.6,1.988e-09,120.9,14.0,35.9,19.7,-17.3,3.6,1.624196e-09
11,123.77,-0.14,359.6,2.019e-09,120.7,13.9,37.1,19.7,-14.7,3.1,1.5526110000000002e-09
12,123.67,-0.14,359.6,2.053e-09,120.6,13.8,36.1,19.7,-19.3,3.3,1.582863e-09
13,123.57,-0.14,359.6,2.087e-09,120.5,13.7,40.5,19.8,-15.9,2.8,1.5026399999999999e-09
14,123.47,-0.14,359.6,2.122e-09,120.4,13.5,42.0,19.8,-17.6,2.7,1.5533039999999998e-09
15,123.37,-0.14,359.6,2.158e-09,120.2,13.4,43.0,19.8,-16.6,2.8,1.6681340000000001e-09
16,123.27,-0.14,359.6,2.194e-09,120.1,13.3,44.2,19.8,-18.6,2.7,1.720096e-09
17,123.17,-0.14,359.6,2.231e-09,120.0,13.2,45.5,19.8,-18.5,2.9,1.8182649999999998e-09
18,123.07,-0.14,359.6,2.268e-09,119.9,13.1,43.9,19.8,-18.5,3.0,1.789452e-09
19,122.97,-0.14,359.6,2.306e-09,119.7,13.0,47.1,19.8,-19.7,2.1,1.8632480000000003e-09
20,122.87,-0.14,359.6,2.345e-09,119.6,12.9,46.6,19.8,-19.7,1.8,1.7798550000000002e-09
21,122.77,-0.14,359.6,2.384e-09,119.5,12.7,46.8,19.8,-18.1,2.3,1.6187360000000001e-09
22,122.67,-0.14,359.6,2.424e-09,119.3,12.6,47.1,19.8,-21.6,1.9,1.594992e-09
23,122.57,-0.14,359.6,2.464e-09,119.2,12.5,45.9,19.9,-22.6,1.9,1.702624e-09
24,122.47,-0.14,359.6,2.506e-09,119.1,12.4,44.6,19.9,-23.2,2.7,1.869476e-09
25,122.37,-0.14,359.6,2.548e-09,119.0,12.3,43.2,19.9,-17.9,2.3,1.775956e-09
26,122.27,-0.14,359.6,2.59e-09,118.8,12.2,41.3,19.9,-16.4,2.1,1.8596199999999998e-09
27,122.17,-0.14,359.6,2.634e-09,118.7,12.1,42.3,19.9,-16.9,2.1,1.6883939999999998e-09
28,122.07,-0.14,359.6,2.678e-09,118.6,11.9,42.1,19.9,-15.2,1.7,2.07545e-09
29,121.97,-0.14,359.6,2.723e-09,118.5,11.8,39.7,19.9,-16.1,2.1,2.0912639999999997e-09
30,121.87,-0.14,359.6,2.768e-09,118.3,11.7,36.3,19.9,-17.6,1.6,2.170112e-09
31,121.77,-0.14,359.6,2.815e-09,118.2,11.6,36.5,19.9,-16.2,1.8,2.28578e-09
32,121.67,-0.14,359.6,2.862e-09,118.1,11.5,36.5,20.0,-15.5,1.9,2.029158e-09
33,121.57,-0.14,359.6,2.91e-09,118.0,11.4,35.4,20.0,-18.6,2.1,2.2698e-09
34,121.47,-0.14,359.6,2.959e-09,117.8,11.3,35.1,20.0,-16.7,2.7,2.376077e-09
35,121.37,-0.14,359.6,3.008e-09,117.7,11.1,32.9,20.0,-17.4,2.5,2.322176e-09
36,121.27,-0.14,359.6,3.059e-09,117.6,11.0,33.2,20.0,-16.7,2.7,2.5144979999999997e-09
37,121.17,-0.14,359.6,3.11e-09,117.4,10.9,37.8,20.0,-11.1,2.7,2.5284299999999997e-09
38,121.07,-0.14,359.6,3.162e-09,117.3,10.8,37.9,20.0,-11.7,3.1,2.384148e-09
39,120.97,-0.14,359.6,3.216e-09,117.2,10.7,37.4,20.0,-8.5,2.7,2.273712e-09
40,120.87,-0.14,359.6,3.269e-09,117.1,10.6,34.6,20.0,-8.9,2.6,2.350411e-09
41,120.77,-0.14,359.6,3.324e-09,116.9,10.5,38.1,20.0,-11.3,3.1,2.652552e-09
42,120.67,-0.14,359.6,3.38e-09,116.8,10.3,40.7,20.1,-8.9,3.0,2.71414e-09
43,120.57,-0.14,359.6,3.437e-09,116.7,10.2,37.7,20.1,-5.3,3.2,2.804592e-09
44,120.47,-0.14,359.6,3.495e-09,116.6,10.1,39.3,20.1,-6.3,3.4,2.99871e-09
45,120.37,-0.14,359.6,3.553e-09,116.4,10.0,39.5,20.1,-2.2,3.4,3.151511e-09
46,120.27,-0.14,359.6,3.613e-09,116.3,9.9,39.5,20.1,-3.0,3.4,3.269765e-09
47,120.17,-0.14,359.6,3.674e-09,116.2,9.8,38.0,20.1,-2.8,2.8,3.299252e-09
48,120.07,-0.14,359.6,3.735e-09,116.1,9.7,38.0,20.1,0.6,3.3,3.4847550000000003e-09
49,119.97,-0.14,359.6,3.798e-09,115.9,9.5,36.1,20.1,4.6,2.5,3.741030000000001e-09
50,119.87,-0.14,359.6,3.862e-09,115.8,9.4,35.0,20.1,2.4,2.4,3.873586e-09
51,119.77,-0.14,359.6,3.927e-09,115.7,9.3,30.6,20.1,4.6,2.8,3.84846e-09
52,119.67,-0.14,359.6,3.993e-09,115.5,9.2,32.3,20.2,6.9,2.8,3.809322e-09
53,119.57,-0.14,359.6,4.06e-09,115.4,9.1,31.9,20.2,7.7,3.5,4.27924e-09
54,119.47,-0.14,359.6,4.128e-09,115.3,9.0,30.6,20.2,5.1,3.1,4.326144e-09
55,119.37,-0.14,359.6,4.197e-09,115.2,8.9,29.2,20.2,6.1,3.4,4.746807e-09
56,119.27,-0.14,359.6,4.268e-09,115.0,8.7,27.3,20.2,9.2,4.3,4.464328e-09
57,119.17,-0.14,359.6,4.34e-09,114.9,8.6,31.0,20.2,6.8,4.1,4.42246e-09
58,119.07,-0.14,359.6,4.413e-09,114.8,8.5,31.9,20.2,6.2,4.9,4.470369e-09
59,118.97,-0.14,359.6,4.487e-09,114.7,8.4,32.5,20.2,5.8,4.4,4.30752e-09
60,118.87,-0.14,359.6,4.562e-09,114.5,8.3,32.2,20.2,5.2,4.9,4.552876e-09
61,118.77,-0.14,359.6,4.639e-09,114.4,8.2,33.9,20.3,5.1,4.4,4.996203e-09
62,118.67,-0.14,359.6,4.716e-09,114.3,8.0,34.5,20.2,4.5,4.3,5.102712e-09
63,118.57,-0.14,359.6,4.795e-09,114.3,7.9,36.4,20.1,4.3,3.5,4.88131e-09
64,118.47,-0.14,359.6,4.875e-09,114.2,7.7,33.7,20.0,2.4,3.5,4.977374999999999e-09
65,118.37,-0.14,359.6,4.956e-09,114.1,7.6,33.8,20.0,2.0,4.1,5.228579999999999e-09
66,118.27,-0.14,359.6,5.039e-09,114.1,7.5,30.5,19.9,-0.0,4.4,5.6991089999999995e-09
67,118.17,-0.14,359.6,5.123e-09,114.0,7.3,32.8,19.8,1.7,3.5,5.952925999999999e-09
68,118.07,-0.14,359.6,5.209e-09,113.9,7.2,32.0,19.8,1.7,4.1,5.7976169999999995e-09
69,117.97,-0.14,359.6,5.296e-09,113.9,7.0,29.3,19.7,-1.5,3.4,5.645536e-09
70,117.87,-0.14,359.6,5.384e-09,113.8,6.9,32.2,19.6,1.5,3.6,5.303239999999999e-09
71,117.77,-0.14,359.6,5.474e-09,113.7,6.8,27.5,19.6,4.7,3.6,5.151033999999999e-09
72,117.67,-0.14,359.6,5.565e-09,113.7,6.6,29.6,19.5,7.1,3.2,5.2978799999999995e-09
73,117.57,-0.14,359.6,5.658e-09,113.6,6.5,29.1,19.4,5.2,2.6,5.493918e-09
74,117.47,-0.14,359.6,5.753e-09,113.6,6.3,29.0,19.4,6.8,2.9,5.672458e-09
75,117.37,-0.14,359.6,5.849e-09,113.5,6.2,26.6,19.3,10.7,2.4,5.9250369999999995e-09
76,117.27,-0.14,359.6,5.946e-09,113.4,6.0,25.7,19.2,13.8,2.7,5.660592e-09
77,117.17,-0.14,359.6,6.046e-09,113.4,5.9,25.8,19.2,13.5,2.1,6.076229999999999e-09
78,117.07,-0.14,359.6,6.147e-09,113.3,5.8,22.7,19.1,16.6,2.1,6.651054000000001e-09
79,116.97,-0.14,359.6,6.249e-09,113.2,5.6,20.8,19.0,15.4,2.0,6.211506e-09
80,116.87,-0.14,359.6,6.354e-09,113.2,5.5,20.5,19.0,8.5,1.0,6.963984000000001e-09
81,116.77,-0.14,359.61,6.46e-09,113.1,5.3,20.4,18.9,9.2,0.7,7.273959999999999e-09
82,116.67,-0.14,359.61,6.568e-09,113.0,5.2,20.7,18.8,7.7,0.1,6.646816e-09
83,116.57,-0.14,359.61,6.677e-09,113.0,5.1,20.9,18.8,4.2,0.2,6.6970309999999995e-09
84,116.47,-0.14,359.61,6.789e-09,112.9,4.9,22.9,18.7,6.4,0.3,6.517439999999999e-09
85,116.37,-0.14,359.61,6.902e-09,112.8,4.8,25.7,18.6,7.3,0.2,6.757058e-09
86,116.27,-0.14,359.61,7.018e-09,112.8,4.6,23.8,18.6,10.3,0.3,6.5197220000000005e-09
87,116.17,-0.14,359.61,7.135e-09,112.7,4.5,18.3,18.5,7.5,0.1,6.60701e-09
88,116.07,-0.14,359.61,7.254e-09,112.6,4.3,16.2,18.4,4.9,-0.3,6.41979e-09
89,115.97,-0.14,359.61,7.376e-09,112.6,4.2,14.4,18.4,2.5,-0.7,6.6236480000000006e-09
90,115.87,-0.14,359.61,7.499e-09,112.5,4.1,16.1,18.3,2.4,-0.1,7.0040660000000006e-09
91,115.77,-0.14,359.61,7.624e-09,112.4,3.9,13.4,18.2,6.3,0.4,6.6328799999999995e-09
92,115.67,-0.14,359.61,7.752e-09,112.4,3.8,16.9,18.2,0.9,0.7,7.069824000000001e-09
93,115.57,-0.14,359.61,7.881e-09,112.3,3.6,18.5,18.1,0.3,0.5,7.195353e-09
94,115.47,-0.14,359.61,8.013e-09,112.2,3.5,11.9,18.0,4.6,0.2,7.508181000000002e-09
95,115.37,-0.14,359.61,8.147e-09,112.2,3.3,8.6,18.0,5.7,0.2,7.511534e-09
96,115.27,-0.14,359.61,8.283e-09,112.1,3.2,9.1,17.9,4.2,-0.1,7.123380000000001e-09
97,115.17,-0.14,359.61,8.422e-09,112.0,3.1,6.2,17.8,3.5,0.3,6.964993999999999e-09
98,115.07,-0.14,359.61,8.563e-09,112.0,2.9,4.0,17.8,3.2,1.2,7.047349e-09
99,114.97,-0.14,359.61,8.706e-09,111.9,2.8,4.3,17.7,5.0,1.2,6.790680000000001e-09
100,114.87,-0.14,359.61,8.852e-09,111.8,2.6,3.3,17.6,6.7,1.6,7.046192000000001e-09
101,114.77,-0.14,359.61,9e-09,111.8,2.5,4.0,17.6,7.6,2.1,7.388999999999999e-09
102,114.67,-0.14,359.61,9.15e-09,111.7,2.4,3.6,17.5,4.8,1.2,7.567049999999999e-09
103,114.57,-0.14,359.61,9.303e-09,111.6,2.2,1.8,17.4,4.0,1.0,7.488915000000001e-09
104,114.47,-0.14,359.61,9.459e-09,111.6,2.1,0.9,17.4,6.0,1.3,7.586118e-09
105,114.37,-0.14,359.61,9.617e-09,111.5,1.9,-3.3,17.3,3.2,1.9,7.828237999999999e-09
106,114.27,-0.14,359.61,9.778e-09,111.4,1.8,-1.9,17.2,2.5,2.6,7.92018e-09
107,114.17,-0.14,359.61,9.942e-09,111.4,1.6,-1.5,17.2,1.2,2.6,8.589888e-09
108,114.07,-0.14,359.61,1.011e-08,111.3,1.5,-1.7,17.1,3.6,2.6,8.77548e-09
109,113.97,-0.14,359.61,1.028e-08,111.2,1.4,-3.6,17.0,3.2,2.5,8.8408e-09
110,113.87,-0.14,359.61,1.045e-08,111.2,1.2,-4.9,17.0,2.8,3.0,8.30775e-09
111,113.77,-0.14,359.61,1.062e-08,111.1,1.1,-5.0,16.9,1.8,3.4,8.68716e-09
112,113.67,-0.14,359.61,1.08e-08,111.1,1.0,-7.8,16.8,2.8,3.3,8.186400000000001e-09
113,113.57,-0.14,359.61,1.097e-08,111.1,0.9,-8.0,16.7,3.5,3.6,8.32623e-09
114,113.47,-0.14,359.61,1.115e-08,111.1,0.8,-7.6,16.5,6.8,3.7,7.9834e-09
115,113.37,-0.14,359.61,1.133e-08,111.2,0.7,-6.0,16.4,4.5,3.3,7.89701e-09
116,113.27,-0.14,359.61,1.152e-08,111.2,0.6,-9.3,16.3,3.8,3.2,7.93728e-09
117,113.17,-0.14,359.61,1.171e-08,111.2,0.5,-10.5,16.2,4.9,2.6,7.89254e-09
118,113.07,-0.14,359.61,1.19e-08,111.2,0.4,-9.0,16.0,3.2,2.9,7.675500000000001e-09
119,112.97,-0.14,359.61,1.209e-08,111.2,0.3,-4.8,15.9,2.4,2.1,7.350719999999999e-09
120,112.87,-0.14,359.61,1.229e-08,111.2,0.2,-1.2,15.8,6.9,1.4,8.33262e-09
121,112.77,-0.14,359.61,1.249e-08,111.3,0.1,-4.6,15.7,8.0,1.2,8.04356e-09
122,112.67,-0.14,359.61,1.269e-08,111.3,0.0,-5.9,15.6,5.9,1.6,8.57844e-09
123,112.57,-0.14,359.61,1.29e-08,111.3,-0.1,-7.2,15.4,3.6,2.1,1.0100700000000001e-08
124,112.47,-0.14,359.61,1.311e-08,111.3,-0.2,-6.7,15.3,0.8,2.8,9.88494e-09
125,112.37,-0.14,359.61,1.332e-08,111.3,-0.3,-7.9,15.2,5.1,2.2,9.617039999999999e-09
126,112.27,-0.14,359.61,1.354e-08,111.3,-0.4,-9.3,15.1,9.6,2.2,1.0019600000000001e-08
127,112.17,-0.14,359.61,1.376e-08,111.3,-0.4,-8.5,14.9,13.3,2.6,1.12832e-08
128,112.07,-0.14,359.61,1.398e-08,111.4,-0.5,-5.5,14.8,12.1,2.8,1.1239920000000001e-08
129,111.97,-0.14,359.61,1.421e-08,111.4,-0.6,-6.8,14.7,12.1,2.6,1.182272e-08
130,111.87,-0.14,359.61,1.444e-08,111.4,-0.7,-5.5,14.6,15.0,2.7,1.204296e-08
131,111.77,-0.14,359.61,1.468e-08,111.4,-0.8,-4.6,14.5,15.0,2.3,1.25514e-08
132,111.67,-0.14,359.61,1.492e-08,111.4,-0.9,-3.1,14.3,13.8,2.7,1.3801e-08
133,111.57,-0.14,359.61,1.516e-08,111.4,-1.0,-0.8,14.2,13.8,2.7,1.4871960000000001e-08
134,111.47,-0.14,359.61,1.541e-08,111.5,-1.1,-1.1,14.1,15.3,3.0,1.5687380000000002e-08
135,111.37,-0.14,359.61,1.566e-08,111.5,-1.2,-2.3,14.0,14.0,2.8,1.5738299999999998e-08
136,111.27,-0.14,359.61,1.591e-08,111.5,-1.3,0.1,13.9,12.2,2.5,1.514632e-08
137,111.17,-0.14,359.61,1.617e-08,111.5,-1.4,-0.9,13.7,11.9,2.0,1.5135119999999998e-08
138,111.07,-0.14,359.61,1.643e-08,111.5,-1.5,-0.6,13.6,9.5,2.0,1.5575639999999998e-08
139,110.97,-0.14,359.61,1.67e-08,111.5,-1.6,2.0,13.5,8.5,2.6,1.4896400000000002e-08
140,110.87,-0.14,359.61,1.697e-08,111.5,-1.7,4.8,13.4,8.2,2.5,1.517118e-08
141,110.77,-0.14,359.61,1.725e-08,111.6,-1.8,6.8,13.2,9.4,2.7,1.623225e-08
142,110.67,-0.14,359.61,1.753e-08,111.6,-1.9,6.8,13.1,12.6,2.0,1.7582589999999998e-08
143,110.57,-0.14,359.61,1.782e-08,111.6,-2.0,6.3,13.0,12.7,2.2,1.8408059999999998e-08
144,110.47,-0.14,359.61,1.811e-08,111.6,-2.1,6.2,12.9,12.3,2.7,1.772969e-08
145,110.37,-0.14,359.61,1.84e-08,111.6,-2.2,8.9,12.8,11.2,2.7,1.7204e-08
146,110.27,-0.14,359.61,1.87e-08,111.6,-2.3,5.6,12.6,10.3,2.6,1.69796e-08
147,110.17,-0.14,359.61,1.901e-08,111.7,-2.4,6.4,12.5,12.9,2.8,1.648167e-08
148,110.07,-0.14,359.61,1.932e-08,111.7,-2.4,5.6,12.4,10.4,3.1,1.659588e-08
149,109.97,-0.14,359.61,1.963e-08,111.7,-2.5,6.8,12.3,11.1,2.8,1.743144e-08
150,109.87,-0.14,359.61,1.995e-08,111.7,-2.6,3.4,12.1,10.6,2.2,1.6438799999999998e-08
151,109.77,-0.14,359.61,2.028e-08,111.7,-2.7,4.8,12.0,9.2,2.5,1.644708e-08
152,109.67,-0.14,359.61,2.061e-08,111.7,-2.8,3.2,11.9,11.8,2.5,1.580787e-08
153,109.57,-0.14,359.61,2.094e-08,111.7,-2.9,6.2,11.8,14.8,2.7,1.610286e-08
154,109.47,-0.14,359.61,2.129e-08,111.8,-3.0,7.8,11.7,11.9,2.8,1.6031370000000002e-08
155,109.37,-0.14,359.61,2.163e-08,111.8,-3.1,8.7,11.5,10.4,3.1,1.706607e-08
156,109.27,-0.14,359.61,2.199e-08,111.8,-3.2,7.3,11.4,9.7,3.1,1.660245e-08
157,109.17,-0.14,359.61,2.234e-08,111.8,-3.3,9.8,11.3,11.9,3.4,1.845284e-08
158,109.07,-0.14,359.61,2.271e-08,111.8,-3.4,10.5,11.2,12.1,3.8,2.009835e-08
159,108.97,-0.14,359.61,2.308e-08,111.8,-3.5,5.4,11.0,12.5,3.6,1.9341039999999997e-08
160,108.87,-0.14,359.61,2.345e-08,111.8,-3.6,4.8,10.9,14.0,3.5,2.0307700000000003e-08
161,108.77,-0.14,359.61,2.384e-08,111.9,-3.7,2.6,10.8,13.2,3.2,2.090768e-08
162,108.67,-0.14,359.61,2.42e-08,111.9,-3.7,2.3,10.7,10.8,3.8,2.14412e-08
163,108.57,-0.14,359.61,2.458e-08,112.0,-3.7,-2.2,10.5,10.1,3.7,2.0376819999999997e-08
164,108.47,-0.14,359.61,2.496e-08,112.1,-3.8,-0.9,10.4,11.6,3.4,2.08416e-08
165,108.37,-0.14,359.61,2.534e-08,112.2,-3.8,-2.3,10.3,12.7,3.6,2.080414e-08
166,108.27,-0.14,359.61,2.573e-08,112.2,-3.8,-5.7,10.2,14.5,3.7,2.1330169999999998e-08
167,108.17,-0.14,359.61,2.613e-08,112.3,-3.8,-1.6,10.0,15.4,4.0,2.29944e-08
168,108.07,-0.14,359.61,2.654e-08,112.4,-3.9,-2.2,9.9,14.7,3.0,2.3461360000000003e-08
169,107.97,-0.14,359.61,2.695e-08,112.5,-3.9,-0.8,9.8,12.2,2.4,2.18834e-08
170,107.87,-0.14,359.61,2.736e-08,112.6,-3.9,-0.5,9.7,9.6,1.9,2.281824e-08
171,107.77,-0.14,359.61,2.778e-08,112.6,-3.9,-4.1,9.5,9.9,1.6,2.56965e-08
172,107.67,-0.14,359.62,2.821e-08,112.7,-4.0,-3.2,9.4,11.8,1.9,2.592499e-08
173,107.57,-0.14,359.62,2.865e-08,112.8,-4.0,-2.8,9.3,10.5,2.0,2.6415299999999998e-08
174,107.47,-0.14,359.62,2.909e-08,112.9,-4.0,-1.3,9.2,8.0,2.2,2.827548e-08
175,107.37,-0.14,359.62,2.954e-08,112.9,-4.0,-2.0,9.0,8.0,2.7,2.9746779999999994e-08
176,107.27,-0.14,359.62,3e-08,113.0,-4.1,-4.9,8.9,8.5,1.8,3.066e-08
177,107.17,-0.14,359.62,3.046e-08,113.1,-4.1,-5.2,8.8,9.3,2.0,3.27445e-08
178,107.07,-0.14,359.62,3.093e-08,113.2,-4.1,-2.6,8.6,5.4,1.6,3.346626e-08
179,106.97,-0.14,359.62,3.141e-08,113.2,-4.1,-3.3,8.5,6.0,1.6,3.219525e-08
180,106.87,-0.14,359.62,3.19e-08,113.3,-4.2,-4.4,8.4,7.7,2.0,3.6047e-08
181,106.77,-0.14,359.62,3.239e-08,113.4,-4.2,-4.7,8.3,12.2,1.7,3.958058e-08
182,106.67,-0.14,359.62,3.289e-08,113.5,-4.2,-3.8,8.1,12.2,1.3,3.936933e-08
183,106.57,-0.14,359.62,3.34e-08,113.5,-4.2,-1.9,8.0,13.6,1.9,4.2351200000000004e-08
184,106.47,-0.14,359.62,3.391e-08,113.6,-4.3,-1.3,7.9,14.9,1.8,4.10311e-08
185,106.37,-0.14,359.62,3.444e-08,113.7,-4.3,-2.0,7.8,15.0,1.4,3.888276e-08
186,106.27,-0.14,359.62,3.497e-08,113.8,-4.3,-2.6,7.6,19.1,0.6,4.1159690000000006e-08
187,106.17,-0.14,359.62,3.551e-08,113.8,-4.3,-6.2,7.5,19.5,0.3,4.236343e-08
188,106.07,-0.14,359.62,3.606e-08,113.9,-4.4,-8.5,7.4,18.7,0.1,4.204596e-08
189,105.97,-0.14,359.62,3.662e-08,114.0,-4.4,-10.0,7.2,21.9,0.1,4.094116e-08
190,105.87,-0.14,359.62,3.718e-08,114.1,-4.4,-10.0,7.1,20.3,0.1,4.361214e-08
191,105.77,-0.14,359.62,3.776e-08,114.2,-4.4,-8.2,7.0,17.7,-0.2,4.478336e-08
192,105.67,-0.14,359.62,3.834e-08,114.2,-4.5,-9.5,6.9,18.9,-0.5,4.727322e-08
193,105.57,-0.14,359.62,3.893e-08,114.3,-4.5,-6.6,6.7,14.9,-0.2,4.4224479999999994e-08
194,105.47,-0.14,359.62,3.954e-08,114.4,-4.5,-7.0,6.6,14.1,0.2,4.420572000000001e-08
195,105.37,-0.14,359.62,4.015e-08,114.5,-4.5,-5.2,6.5,17.2,0.8,4.07121e-08
196,105.27,-0.14,359.62,4.077e-08,114.5,-4.6,-4.8,6.4,14.4,0.8,4.170771e-08
197,105.17,-0.14,359.62,4.14e-08,114.6,-4.6,-3.4,6.2,13.6,1.0,4.33872e-08
198,105.07,-0.14,359.62,4.204e-08,114.7,-4.6,-3.5,6.1,10.8,0.5,4.578156e-08
199,104.97,-0.14,359.62,4.269e-08,114.8,-4.6,-5.0,6.0,11.0,0.0,4.811163e-08
200,104.87,-0.14,359.62,4.335e-08,114.8,-4.7,-9.4,5.9,10.4,-1.0,4.95057e-08
201,104.77,-0.14,359.62,4.402e-08,114.9,-4.7,-8.9,5.7,9.8,-0.5,5.1063199999999996e-08
202,104.67,-0.14,359.62,4.47e-08,115.0,-4.7,-9.2,5.6,10.6,-1.0,5.4399900000000005e-08
203,104.57,-0.14,359.62,4.539e-08,115.1,-4.7,-8.2,5.5,13.6,-1.0,5.3287859999999996e-08
204,104.47,-0.14,359.62,4.609e-08,115.1,-4.8,-8.0,5.3,12.7,-0.4,5.636807e-08
205,104.37,-0.14,359.62,4.68e-08,115.2,-4.8,-8.7,5.2,12.5,-0.8,5.798520000000001e-08
206,104.27,-0.14,359.62,4.753e-08,115.3,-4.8,-7.8,5.1,15.2,-0.4,5.8129190000000005e-08
207,104.17,-0.14,359.62,4.826e-08,115.4,-4.8,-8.4,5.0,11.8,-0.0,5.931154e-08
208,104.07,-0.14,359.62,4.901e-08,115.4,-4.9,-7.8,4.8,10.2,0.2,6.189963e-08
209,103.97,-0.14,359.62,4.977e-08,115.5,-4.9,-7.6,4.7,10.7,0.2,6.231204000000001e-08
210,103.87,-0.14,359.62,5.054e-08,115.6,-4.9,-10.3,4.6,13.5,-0.3,6.524714e-08
211,103.77,-0.14,359.62,5.132e-08,115.7,-4.9,-11.2,4.5,14.8,-0.2,6.430395999999999e-08
212,103.67,-0.14,359.62,5.208e-08,115.8,-4.9,-12.6,4.3,15.4,0.1,6.202728e-08
213,103.57,-0.14,359.62,5.286e-08,115.9,-4.9,-12.0,4.2,17.4,0.2,6.232194e-08
214,103.47,-0.14,359.62,5.364e-08,116.0,-4.9,-9.4,4.1,19.1,0.9,6.200784e-08
215,103.37,-0.14,359.62,5.444e-08,116.0,-4.9,-8.3,4.0,19.9,0.6,6.56002e-08
216,103.27,-0.14,359.62,5.525e-08,116.1,-4.9,-11.7,3.9,16.7,0.6,6.46425e-08
217,103.17,-0.14,359.62,5.607e-08,116.2,-4.9,-11.7,3.8,17.6,-0.1,6.554583e-08
218,103.07,-0.14,359.62,5.691e-08,116.3,-4.8,-11.3,3.7,14.7,-0.1,6.095060999999999e-08
219,102.97,-0.14,359.62,5.775e-08,116.4,-4.8,-12.8,3.6,14.2,-0.4,6.629699999999999e-08
220,102.87,-0.14,359.62,5.861e-08,116.5,-4.8,-13.6,3.5,12.7,-0.1,6.576042e-08
221,102.77,-0.14,359.62,5.948e-08,116.6,-4.8,-15.3,3.4,13.1,-0.5,6.863992e-08
222,102.67,-0.14,359.62,6.037e-08,116.7,-4.8,-16.7,3.3,8.9,-1.4,7.190067000000001e-08
223,102.57,-0.14,359.62,6.127e-08,116.8,-4.8,-15.5,3.2,9.7,-1.6,7.027669e-08
224,102.47,-0.14,359.62,6.218e-08,116.9,-4.7,-21.2,3.1,7.8,-0.9,7.076084e-08
225,102.37,-0.14,359.62,6.31e-08,117.0,-4.7,-21.1,2.9,8.2,-0.7,7.174470000000001e-08
226,102.27,-0.14,359.62,6.404e-08,117.0,-4.7,-18.8,2.8,6.2,-0.2,7.33258e-08
227,102.17,-0.14,359.62,6.5e-08,117.1,-4.7,-15.9,2.7,7.5,-0.2,7.423e-08
228,102.07,-0.14,359.62,6.597e-08,117.2,-4.7,-14.8,2.6,8.1,0.1,8.272638e-08
229,101.97,-0.14,359.62,6.695e-08,117.3,-4.7,-9.6,2.5,7.9,-0.2,8.95791e-08
230,101.87,-0.14,359.62,6.794e-08,117.4,-4.7,-10.3,2.4,8.6,-0.8,9.117548e-08
231,101.77,-0.14,359.62,6.896e-08,117.5,-4.6,-14.6,2.3,9.7,-0.7,9.288912e-08
232,101.67,-0.14,359.62,6.998e-08,117.6,-4.6,-16.8,2.2,11.4,-0.7,9.181376e-08
233,101.57,-0.14,359.62,7.102e-08,117.7,-4.6,-16.7,2.1,10.5,-0.5,9.44566e-08
234,101.47,-0.14,359.62,7.208e-08,117.8,-4.6,-16.6,2.0,13.6,-0.6,9.7308e-08
235,101.37,-0.14,359.62,7.315e-08,117.9,-4.6,-16.8,1.9,13.3,-0.3,9.546075e-08
236,101.27,-0.14,359.62,7.424e-08,118.0,-4.6,-17.4,1.8,14.1,-0.1,9.977856e-08
237,101.17,-0.14,359.62,7.535e-08,118.0,-4.6,-18.8,1.7,13.6,-0.2,1.0420905e-07
238,101.07,-0.14,359.62,7.647e-08,118.1,-4.5,-18.6,1.6,13.9,-0.5,1.0537565999999999e-07
239,100.97,-0.14,359.62,7.761e-08,118.2,-4.5,-18.1,1.4,9.7,-0.9,1.0741223999999999e-07
240,100.87,-0.14,359.62,7.877e-08,118.3,-4.5,-17.7,1.3,9.1,-0.5,1.1169585999999999e-07
241,100.77,-0.14,359.62,7.994e-08,118.4,-4.5,-12.2,1.2,8.2,-0.2,1.0719953999999999e-07
242,100.67,-0.14,359.62,8.113e-08,118.5,-4.5,-11.2,1.1,7.1,-0.8,1.0668595e-07
243,100.57,-0.14,359.62,8.234e-08,118.6,-4.5,-9.3,1.0,2.8,-0.9,1.0506584e-07
244,100.47,-0.14,359.62,8.357e-08,118.7,-4.4,-5.7,0.9,1.8,-0.3,1.1332092000000001e-07
245,100.37,-0.14,359.62,8.481e-08,118.8,-4.4,-3.9,0.8,2.3,-0.3,1.1033781e-07
246,100.27,-0.14,359.62,8.607e-08,118.9,-4.4,-3.8,0.7,3.7,-0.4,1.1111636999999999e-07
247,100.17,-0.14,359.62,8.736e-08,119.0,-4.4,-3.6,0.6,2.1,-0.3,1.1234495999999999e-07
248,100.07,-0.14,359.62,8.866e-08,119.0,-4.4,-4.0,0.5,2.2,0.5,1.1499202e-07
249,99.97,-0.14,359.62,8.998e-08,119.1,-4.4,-3.8,0.4,2.8,1.1,1.142746e-07
250,99.87,-0.14,359.62,9.132e-08,119.2,-4.4,-2.8,0.3,8.8,1.2,1.1807676e-07
251,99.77,-0.14,359.62,9.268e-08,119.3,-4.3,-3.3,0.2,9.3,1.3,1.1557196e-07
252,99.67,-0.14,359.62,9.406e-08,119.4,-4.3,-0.6,0.0,13.3,1.3,1.1174328e-07
253,99.57,-0.14,359.62,9.546e-08,119.5,-4.3,-4.4,-0.1,13.2,0.9,1.0653336e-07
254,99.47,-0.14,359.62,9.689e-08,119.6,-4.3,-6.1,-0.2,13.3,1.1,1.1152039000000001e-07
255,99.37,-0.14,359.62,9.833e-08,119.7,-4.3,-4.4,-0.3,9.5,0.7,1.1543941999999998e-07
256,99.27,-0.14,359.62,9.98e-08,119.8,-4.3,-3.3,-0.4,5.3,0.8,1.2375199999999998e-07
257,99.17,-0.14,359.62,1.013e-07,119.9,-4.3,0.1,-0.5,6.2,0.6,1.349316e-07
258,99.07,-0.14,359.62,1.028e-07,120.0,-4.2,4.0,-0.6,9.3,0.3,1.4186399999999998e-07
259,98.97,-0.14,359.62,1.043e-07,120.0,-4.2,3.9,-0.7,6.9,0.1,1.42891e-07
260,98.87,-0.14,359.62,1.059e-07,120.1,-4.2,-0.1,-0.8,7.9,-0.0,1.488954e-07
261,98.77,-0.14,359.62,1.075e-07,120.2,-4.2,3.3,-0.9,8.4,0.1,1.503925e-07
262,98.67,-0.14,359.62,1.09e-07,120.3,-4.2,4.9,-1.0,7.2,0.2,1.4453400000000002e-07
263,98.57,-0.14,359.63,1.106e-07,120.4,-4.1,4.1,-1.1,8.2,0.5,1.604806e-07
264,98.47,-0.14,359.63,1.122e-07,120.5,-4.1,2.9,-1.2,6.3,0.4,1.679634e-07
265,98.37,-0.14,359.63,1.138e-07,120.5,-4.1,2.6,-1.3,3.9,0.4,1.688792e-07
266,98.27,-0.14,359.63,1.154e-07,120.6,-4.0,-0.7,-1.3,4.8,0.5,1.714844e-07
267,98.17,-0.14,359.63,1.171e-07,120.7,-4.0,4.2,-1.4,3.1,0.5,1.682727e-07
268,98.07,-0.14,359.63,1.188e-07,120.8,-4.0,5.9,-1.5,4.5,0.3,1.73448e-07
269,97.97,-0.14,359.63,1.205e-07,120.8,-3.9,6.6,-1.6,3.4,-0.2,1.6062649999999999e-07
270,97.87,-0.14,359.63,1.222e-07,120.9,-3.9,9.7,-1.7,3.2,-0.0,1.580046e-07
271,97.77,-0.14,359.63,1.24e-07,121.0,-3.9,11.5,-1.7,1.8,-0.1,1.5834799999999998e-07
272,97.67,-0.14,359.63,1.257e-07,121.1,-3.8,14.5,-1.8,3.9,0.8,1.649184e-07
273,97.57,-0.14,359.63,1.275e-07,121.1,-3.8,13.5,-1.9,2.7,0.5,1.70085e-07
274,97.47,-0.14,359.63,1.294e-07,121.2,-3.8,14.3,-2.0,1.9,0.5,1.711962e-07
275,97.37,-0.14,359.63,1.312e-07,121.3,-3.7,17.0,-2.1,2.2,0.1,1.735776e-07
276,97.27,-0.14,359.63,1.331e-07,121.4,-3.7,16.9,-2.2,6.0,-0.7,1.7076729999999999e-07
277,97.17,-0.14,359.63,1.35e-07,121.4,-3.7,15.7,-2.2,6.7,-1.0,1.66725e-07
278,97.07,-0.14,359.63,1.37e-07,121.5,-3.6,16.8,-2.3,7.9,-0.9,1.61934e-07
279,96.97,-0.14,359.63,1.39e-07,121.6,-3.6,17.4,-2.4,6.1,-0.6,1.6818999999999997e-07
280,96.87,-0.14,359.63,1.41e-07,121.7,-3.6,20.4,-2.5,6.9,-0.4,1.64406e-07
281,96.77,-0.14,359.63,1.43e-07,121.7,-3.5,19.3,-2.6,8.1,-0.1,1.7460300000000002e-07
282,96.67,-0.14,359.63,1.45e-07,121.8,-3.5,18.3,-2.7,6.5,0.5,1.77335e-07
283,96.57,-0.14,359.63,1.471e-07,121.9,-3.5,20.9,-2.7,7.3,1.4,1.6887079999999997e-07
284,96.47,-0.14,359.63,1.493e-07,122.0,-3.4,18.2,-2.8,8.7,0.6,1.784135e-07
285,96.37,-0.14,359.63,1.514e-07,122.0,-3.4,16.2,-2.9,8.9,-0.0,1.825884e-07
286,96.27,-0.14,359.63,1.536e-07,122.1,-3.4,17.0,-3.0,9.0,0.6,1.8339839999999998e-07
287,96.17,-0.14,359.63,1.558e-07,122.2,-3.3,17.8,-3.1,5.9,0.2,1.7480760000000002e-07
288,96.07,-0.14,359.63,1.58e-07,122.3,-3.3,13.7,-3.2,5.6,0.2,1.7380000000000003e-07
289,95.97,-0.14,359.63,1.603e-07,122.3,-3.3,13.7,-3.2,5.8,-0.5,1.771315e-07
290,95.87,-0.14,359.63,1.626e-07,122.4,-3.2,11.5,-3.3,6.7,-1.0,1.7609579999999998e-07
291,95.77,-0.14,359.63,1.65e-07,122.5,-3.2,12.2,-3.4,5.4,-0.5,1.91565e-07
292,95.67,-0.14,359.63,1.673e-07,122.6,-3.2,10.6,-3.5,5.9,-0.5,1.932315e-07
293,95.57,-0.14,359.63,1.697e-07,122.6,-3.1,8.7,-3.6,2.6,0.3,1.837851e-07
294,95.47,-0.14,359.63,1.722e-07,122.7,-3.1,10.6,-3.6,3.0,0.2,1.8769800000000002e-07
295,95.37,-0.14,359.63,1.747e-07,122.8,-3.1,8.2,-3.7,2.9,0.7,1.892001e-07
296,95.27,-0.14,359.63,1.772e-07,122.9,-3.0,5.9,-3.8,1.9,0.8,1.920848e-07
297,95.17,-0.14,359.63,1.797e-07,122.9,-3.0,4.9,-3.9,2.6,1.9,1.9156020000000001e-07
298,95.07,-0.14,359.63,1.823e-07,123.0,-3.0,3.5,-4.0,1.6,1.6,2.081866e-07
299,94.97,-0.14,359.63,1.849e-07,123.1,-2.9,0.9,-4.1,3.7,1.3,2.18182e-07
300,94.87,-0.14,359.63,1.876e-07,123.2,-2.9,0.8,-4.1,4.7,1.3,2.243696e-07
301,94.77,-0.14,359.63,1.903e-07,123.2,-2.9,-2.2,-4.2,7.1,1.2,2.363526e-07
302,94.67,-0.14,359.63,1.93e-07,123.3,-2.8,-1.0,-4.3,5.6,0.7,2.4916299999999997e-07
303,94.57,-0.14,359.63,1.958e-07,123.4,-2.8,-2.0,-4.4,4.2,1.5,2.600224e-07
304,94.47,-0.14,359.63,1.986e-07,123.5,-2.8,2.4,-4.5,5.4,1.6,2.617548e-07
305,94.37,-0.14,359.63,2.015e-07,123.5,-2.7,3.8,-4.6,6.3,1.3,2.694055e-07
306,94.27,-0.14,359.63,2.044e-07,123.6,-2.7,1.7,-4.6,3.8,1.4,2.7307840000000003e-07
307,94.17,-0.14,359.63,2.073e-07,123.7,-2.7,-0.5,-4.7,3.1,1.2,2.910492e-07
308,94.07,-0.14,359.63,2.103e-07,123.7,-2.6,0.5,-4.8,3.2,0.8,2.9399939999999995e-07
309,93.97,-0.14,359.63,2.134e-07,123.8,-2.6,1.1,-4.9,4.4,0.8,2.9662599999999997e-07
310,93.87,-0.14,359.63,2.164e-07,123.9,-2.5,1.4,-5.0,4.2,0.6,3.092356e-07
311,93.77,-0.14,359.63,2.196e-07,124.0,-2.5,1.8,-5.1,4.6,0.4,3.1073400000000003e-07
312,93.67,-0.14,359.63,2.233e-07,124.0,-2.5,2.3,-5.1,5.6,1.3,3.182025e-07
313,93.57,-0.14,359.63,2.27e-07,124.1,-2.5,1.8,-5.1,6.5,1.2,3.2710700000000005e-07
314,93.47,-0.14,359.63,2.308e-07,124.2,-2.4,-0.1,-5.2,4.4,1.8,3.224276e-07
315,93.37,-0.14,359.63,2.347e-07,124.2,-2.4,-1.1,-5.2,4.1,1.8,3.2576359999999996e-07
316,93.27,-0.14,359.63,2.386e-07,124.3,-2.4,-0.5,-5.2,1.6,1.2,3.1876959999999997e-07
317,93.17,-0.14,359.63,2.426e-07,124.3,-2.3,0.6,-5.3,4.4,0.5,3.2265800000000006e-07
318,93.07,-0.14,359.63,2.467e-07,124.4,-2.3,-1.4,-5.3,3.5,1.0,3.18243e-07
319,92.97,-0.14,359.63,2.509e-07,124.5,-2.3,-0.1,-5.4,4.3,0.9,3.241628e-07
320,92.87,-0.14,359.63,2.551e-07,124.5,-2.2,-0.7,-5.4,5.7,0.9,3.201505e-07
321,92.77,-0.14,359.63,2.594e-07,124.6,-2.2,-0.9,-5.4,6.7,0.8,3.206184e-07
322,92.67,-0.14,359.63,2.637e-07,124.6,-2.2,-3.7,-5.5,4.8,0.5,3.2145030000000004e-07
323,92.57,-0.14,359.63,2.682e-07,124.7,-2.2,-1.7,-5.5,5.6,-0.1,3.1567139999999996e-07
324,92.47,-0.14,359.63,2.727e-07,124.8,-2.1,1.3,-5.5,4.0,-0.2,3.220587e-07
325,92.37,-0.14,359.63,2.772e-07,124.8,-2.1,-0.9,-5.6,3.6,0.1,3.276504e-07
326,92.27,-0.14,359.63,2.819e-07,124.9,-2.1,0.9,-5.6,4.5,0.2,3.208022e-07
327,92.17,-0.14,359.63,2.866e-07,124.9,-2.0,2.4,-5.7,6.4,0.2,3.361818e-07
328,92.07,-0.14,359.63,2.914e-07,125.0,-2.0,4.6,-5.7,4.2,0.2,3.6454139999999995e-07
329,91.97,-0.14,359.63,2.963e-07,125.1,-2.0,2.0,-5.7,4.2,0.9,3.4874510000000006e-07
330,91.87,-0.14,359.63,3.013e-07,125.1,-1.9,3.0,-5.8,5.4,1.5,3.6276519999999996e-07
331,91.77,-0.14,359.63,3.064e-07,125.2,-1.9,5.2,-5.8,4.9,1.5,3.6155199999999995e-07
332,91.67,-0.14,359.63,3.115e-07,125.3,-1.9,5.2,-5.8,6.3,2.0,3.616515e-07
333,91.57,-0.14,359.63,3.168e-07,125.3,-1.9,5.7,-5.9,6.2,1.3,3.747744e-07
334,91.47,-0.14,359.63,3.221e-07,125.4,-1.8,3.5,-5.9,8.7,1.5,3.7556859999999997e-07
335,91.37,-0.14,359.63,3.275e-07,125.4,-1.8,0.6,-6.0,7.2,1.7,3.8382999999999996e-07
336,91.27,-0.14,359.63,3.33e-07,125.5,-1.8,-0.9,-6.0,8.1,1.5,4.02597e-07
337,91.17,-0.14,359.63,3.386e-07,125.6,-1.7,1.5,-6.0,8.2,1.5,3.8871279999999993e-07
338,91.07,-0.14,359.63,3.443e-07,125.6,-1.7,1.4,-6.1,5.9,1.3,4.083398e-07
339,90.97,-0.14,359.63,3.501e-07,125.7,-1.7,2.7,-6.1,7.7,1.1,4.071663e-07
340,90.87,-0.14,359.63,3.559e-07,125.7,-1.6,1.8,-6.1,8.0,0.7,4.2708e-07
341,90.77,-0.14,359.63,3.619e-07,125.8,-1.6,3.1,-6.2,8.1,0.4,4.357276e-07
342,90.67,-0.14,359.63,3.68e-07,125.9,-1.6,1.5,-6.2,9.9,0.4,4.5116800000000003e-07
343,90.57,-0.14,359.63,3.742e-07,125.9,-1.6,0.6,-6.3,11.2,-0.1,4.4417540000000004e-07
344,90.47,-0.14,359.63,3.805e-07,126.0,-1.5,-1.0,-6.3,12.1,-0.1,4.57361e-07
345,90.37,-0.14,359.63,3.869e-07,126.0,-1.5,-0.6,-6.3,10.1,0.2,4.5770270000000003e-07
346,90.27,-0.14,359.63,3.934e-07,126.1,-1.5,-1.7,-6.4,10.3,-0.1,4.7640740000000006e-07
347,90.17,-0.14,359.63,4e-07,126.2,-1.4,-3.1,-6.4,10.6,0.1,4.756e-07
348,90.07,-0.14,359.63,4.067e-07,126.2,-1.4,0.1,-6.5,9.9,-0.0,4.892601e-07
349,89.97,-0.14,359.63,4.135e-07,126.3,-1.4,-2.6,-6.5,11.1,-0.5,4.871029999999999e-07
350,89.87,-0.14,359.63,4.205e-07,126.4,-1.3,0.7,-6.5,9.4,0.2,4.856775e-07
351,89.77,-0.14,359.63,4.276e-07,126.4,-1.3,-0.4,-6.6,10.8,-0.1,4.7378080000000004e-07
352,89.67,-0.14,359.63,4.347e-07,126.5,-1.3,1.3,-6.6,11.2,-0.1,4.573044e-07
353,89.57,-0.14,359.63,4.421e-07,126.5,-1.3,1.5,-6.6,11.0,-0.5,4.951520000000001e-07
354,89.47,-0.14,359.64,4.495e-07,126.6,-1.2,3.7,-6.7,11.1,-0.1,4.975965e-07
355,89.37,-0.14,359.64,4.57e-07,126.7,-1.2,4.0,-6.7,9.8,0.1,5.31491e-07
356,89.27,-0.14,359.64,4.647e-07,126.7,-1.2,3.6,-6.8,9.5,0.3,5.474166e-07
357,89.17,-0.14,359.64,4.725e-07,126.8,-1.1,3.4,-6.8,11.1,0.5,5.67945e-07
358,89.07,-0.14,359.64,4.805e-07,126.8,-1.1,2.1,-6.8,10.0,0.7,6.01586e-07
359,88.97,-0.14,359.64,4.885e-07,126.9,-1.1,0.8,-6.9,13.8,1.0,5.949929999999999e-07
360,88.87,-0.14,359.64,4.968e-07,127.0,-1.0,-1.2,-6.9,14.4,1.1,6.115608e-07
361,88.77,-0.14,359.64,5.052e-07,127.0,-1.0,-1.3,-6.9,17.3,0.3,6.274584000000001e-07
362,88.67,-0.14,359.64,5.18e-07,127.1,-1.0,-4.6,-6.9,17.9,0.5,6.604499999999999e-07
363,88.57,-0.14,359.64,5.31e-07,127.2,-1.0,-2.2,-6.9,18.3,0.6,6.60033e-07
364,88.47,-0.14,359.64,5.444e-07,127.3,-1.0,-3.0,-6.9,20.5,0.4,6.810443999999999e-07
365,88.37,-0.14,359.64,5.581e-07,127.4,-1.0,-1.3,-6.9,21.6,-0.2,6.786496e-07
366,88.27,-0.14,359.64,5.721e-07,127.5,-1.0,-1.0,-6.9,21.8,0.2,6.968178e-07
367,88.17,-0.14,359.64,5.866e-07,127.6,-1.0,-2.0,-6.9,22.7,-0.2,7.103726e-07
368,88.07,-0.14,359.64,6.013e-07,127.6,-1.0,-1.2,-6.9,25.8,-0.2,7.414029e-07
369,87.97,-0.14,359.64,6.165e-07,127.7,-1.0,-1.8,-6.9,21.4,-0.3,7.700085000000002e-07
370,87.87,-0.14,359.64,6.32e-07,127.8,-1.0,-1.4,-6.9,19.6,-0.2,7.84944e-07
371,87.77,-0.14,359.64,6.479e-07,127.9,-1.0,-1.4,-6.9,20.0,-0.4,7.347185999999998e-07
372,87.67,-0.14,359.64,6.642e-07,128.0,-1.0,-3.9,-6.9,21.8,-0.5,7.532027999999999e-07
373,87.57,-0.14,359.64,6.81e-07,128.1,-1.0,-4.7,-6.8,21.1,-0.2,7.84512e-07
374,87.47,-0.14,359.64,6.981e-07,128.2,-1.0,-1.9,-6.8,20.4,-0.6,8.021169e-07
375,87.37,-0.14,359.64,7.157e-07,128.3,-1.0,-5.2,-6.8,22.2,-0.5,7.980055e-07
376,87.27,-0.14,359.64,7.338e-07,128.4,-1.0,-5.8,-6.8,18.6,-0.7,8.225897999999999e-07
377,87.17,-0.14,359.64,7.522e-07,128.4,-1.0,-5.8,-6.8,18.6,-0.6,8.371986e-07
378,87.07,-0.14,359.64,7.712e-07,128.5,-1.0,-8.0,-6.8,21.9,-0.7,8.729984e-07
379,86.97,-0.14,359.64,7.906e-07,128.6,-1.0,-6.9,-6.8,19.3,-0.4,8.949591999999999e-07
380,86.87,-0.14,359.64,8.106e-07,128.7,-1.0,-7.3,-6.8,22.1,-0.2,8.973342e-07
381,86.77,-0.14,359.64,8.31e-07,128.8,-1.0,-9.1,-6.8,20.6,-0.4,9.17424e-07
382,86.67,-0.14,359.64,8.519e-07,128.9,-1.0,-9.4,-6.8,22.2,-0.0,9.447571000000001e-07
383,86.57,-0.14,359.64,8.734e-07,129.0,-1.0,-11.5,-6.8,19.6,-0.0,9.38905e-07
384,86.47,-0.14,359.64,8.954e-07,129.1,-1.0,-12.5,-6.8,19.3,-0.3,9.58078e-07
385,86.37,-0.14,359.64,9.18e-07,129.2,-1.0,-13.0,-6.8,17.3,-0.1,9.8685e-07
386,86.27,-0.14,359.64,9.411e-07,129.2,-1.0,-13.2,-6.7,20.1,0.2,1.006977e-06
387,86.17,-0.14,359.64,9.648e-07,129.3,-1.0,-15.7,-6.7,23.5,-0.1,1.0304064e-06
388,86.07,-0.14,359.64,9.891e-07,129.4,-1.0,-16.9,-6.7,21.2,0.0,1.0504242e-06
389,85.97,-0.14,359.64,1.014e-06,129.5,-1.0,-16.9,-6.7,20.8,-0.0,1.099176e-06
390,85.87,-0.14,359.64,1.04e-06,129.6,-1.0,-13.7,-6.7,20.8,0.3,1.15024e-06
391,85.77,-0.14,359.64,1.066e-06,129.7,-1.0,-15.4,-6.7,19.3,0.7,1.1821940000000001e-06
392,85.67,-0.14,359.64,1.093e-06,129.8,-1.0,-13.7,-6.7,15.3,1.3,1.2361829999999999e-06
393,85.57,-0.14,359.64,1.12e-06,129.9,-1.0,-13.5,-6.7,13.0,1.5,1.2712e-06
394,85.47,-0.14,359.64,1.148e-06,130.0,-1.0,-11.3,-6.7,12.7,1.5,1.2937960000000001e-06
395,85.37,-0.14,359.64,1.177e-06,130.0,-1.0,-13.2,-6.7,13.3,1.0,1.2629209999999997e-06
396,85.27,-0.14,359.64,1.207e-06,130.1,-1.0,-12.3,-6.7,15.5,0.8,1.302353e-06
397,85.17,-0.14,359.64,1.237e-06,130.2,-1.0,-10.6,-6.7,13.6,0.7,1.32359e-06
398,85.07,-0.14,359.64,1.269e-06,130.3,-1.0,-7.5,-6.7,10.9,0.8,1.317222e-06
399,84.97,-0.14,359.64,1.301e-06,130.4,-0.9,-10.2,-6.6,12.5,0.9,1.3244179999999998e-06
400,84.87,-0.14,359.64,1.333e-06,130.5,-0.9,-8.3,-6.6,11.7,1.1,1.287678e-06
401,84.77,-0.14,359.64,1.367e-06,130.6,-0.9,-5.5,-6.6,15.1,0.7,1.287714e-06
402,84.67,-0.14,359.64,1.402e-06,130.7,-0.9,-5.8,-6.6,16.3,0.0,1.309468e-06
403,84.57,-0.14,359.64,1.437e-06,130.8,-0.9,-5.0,-6.6,18.3,0.4,1.340721e-06
404,84.47,-0.14,359.64,1.473e-06,130.8,-0.9,-5.3,-6.6,19.0,0.2,1.3875659999999998e-06
405,84.37,-0.14,359.64,1.51e-06,130.9,-0.9,-3.5,-6.6,21.1,0.4,1.48886e-06
406,84.27,-0.14,359.64,1.548e-06,131.0,-0.9,-7.6,-6.6,19.7,0.4,1.518588e-06
407,84.17,-0.14,359.64,1.587e-06,131.1,-0.9,-9.4,-6.6,19.2,0.7,1.612392e-06
408,84.07,-0.14,359.64,1.627e-06,131.2,-0.9,-11.3,-6.6,17.6,0.9,1.680691e-06
409,83.97,-0.14,359.64,1.668e-06,131.3,-0.9,-12.7,-6.6,18.2,0.7,1.7530679999999997e-06
410,83.87,-0.14,359.64,1.71e-06,131.4,-0.9,-9.6,-6.6,17.2,0.9,1.8297e-06
411,83.77,-0.14,359.64,1.753e-06,131.5,-0.9,-9.0,-6.5,16.1,0.4,1.8634389999999998e-06
412,83.67,-0.14,359.64,1.772e-06,131.3,-0.5,-7.5,-6.2,14.9,0.0,1.867688e-06
413,83.57,-0.14,359.64,1.791e-06,131.2,-0.2,-3.1,-5.9,13.4,-0.1,2.025621e-06
414,83.47,-0.14,359.64,1.81e-06,131.0,0.2,1.3,-5.6,11.3,-0.6,2.11589e-06
415,83.37,-0.14,359.64,1.829e-06,130.9,0.6,-0.2,-5.2,13.5,-0.8,2.119811e-06
416,83.27,-0.14,359.64,1.849e-06,130.7,1.0,3.4,-4.9,11.3,-0.6,2.172575e-06
417,83.17,-0.14,359.64,1.869e-06,130.6,1.4,3.1,-4.6,7.2,-0.8,2.182992e-06
418,83.07,-0.14,359.64,1.889e-06,130.4,1.8,4.4,-4.3,8.7,-0.7,2.170461e-06
419,82.97,-0.14,359.64,1.909e-06,130.3,2.1,5.5,-4.0,8.6,-1.1,2.223985e-06
420,82.87,-0.14,359.64,1.93e-06,130.1,2.5,8.5,-3.6,7.0,-1.1,2.2523100000000003e-06
421,82.77,-0.14,359.64,1.95e-06,130.0,2.9,11.0,-3.3,8.1,-1.3,2.17815e-06
422,82.67,-0.14,359.64,1.971e-06,129.8,3.3,13.2,-3.0,9.0,-1.5,2.2134329999999997e-06
423,82.57,-0.14,359.64,1.993e-06,129.7,3.7,15.1,-2.7,6.8,-1.3,2.3019149999999997e-06
424,82.47,-0.14,359.64,2.014e-06,129.5,4.1,15.1,-2.3,10.6,-1.4,2.36645e-06
425,82.37,-0.14,359.64,2.036e-06,129.4,4.4,14.2,-2.0,12.1,-0.9,2.274212e-06
426,82.27,-0.14,359.64,2.058e-06,129.2,4.8,16.6,-1.7,13.9,-0.6,2.3399460000000002e-06
427,82.17,-0.14,359.64,2.08e-06,129.1,5.2,15.0,-1.4,13.1,-1.0,2.34832e-06
428,82.07,-0.14,359.64,2.102e-06,128.9,5.6,15.3,-1.0,10.4,-1.3,2.4004839999999997e-06
429,81.97,-0.14,359.64,2.125e-06,128.8,6.0,18.2,-0.7,9.1,-0.7,2.356625e-06
430,81.87,-0.14,359.64,2.148e-06,128.6,6.3,18.3,-0.4,6.5,-0.4,2.31984e-06
431,81.77,-0.14,359.64,2.171e-06,128.5,6.7,19.2,-0.1,3.5,-0.3,2.4141520000000005e-06
432,81.67,-0.14,359.64,2.194e-06,128.3,7.1,22.1,0.3,1.1,0.1,2.459474e-06
433,81.57,-0.14,359.64,2.218e-06,128.2,7.5,21.5,0.6,1.3,0.6,2.4553260000000003e-06
434,81.47,-0.14,359.64,2.242e-06,128.0,7.9,21.9,0.9,0.7,1.5,2.5469119999999996e-06
435,81.37,-0.14,359.64,2.266e-06,127.9,8.3,22.9,1.2,2.1,1.4,2.59457e-06
436,81.27,-0.14,359.64,2.29e-06,127.7,8.6,22.7,1.6,6.0,1.4,2.5281600000000004e-06
437,81.17,-0.14,359.64,2.315e-06,127.6,9.0,23.9,1.9,5.8,1.0,2.45853e-06
438,81.07,-0.14,359.64,2.34e-06,127.4,9.4,23.2,2.2,5.1,1.2,2.5155e-06
439,80.97,-0.14,359.64,2.365e-06,127.3,9.8,22.7,2.5,4.2,1.3,2.62042e-06
440,80.87,-0.14,359.64,2.391e-06,127.1,10.2,22.0,2.8,3.9,1.2,2.7042210000000002e-06
441,80.77,-0.14,359.64,2.416e-06,127.0,10.6,20.8,3.2,6.0,1.2,2.8122239999999998e-06
442,80.67,-0.14,359.64,2.442e-06,126.8,10.9,23.9,3.5,5.5,0.9,2.9279580000000003e-06
443,80.57,-0.14,359.64,2.469e-06,126.7,11.3,22.2,3.8,6.6,0.6,2.901075e-06
444,80.47,-0.14,359.64,2.495e-06,126.5,11.7,21.5,4.1,5.6,1.0,2.8318249999999998e-06
445,80.37,-0.14,359.65,2.522e-06,126.4,12.1,23.6,4.5,7.7,0.8,2.8347280000000005e-06
446,80.27,-0.14,359.65,2.55e-06,126.2,12.5,23.1,4.8,8.3,1.2,2.9937e-06
447,80.17,-0.14,359.65,2.577e-06,126.1,12.8,24.2,5.1,11.2,0.6,2.9918970000000002e-06
448,80.07,-0.14,359.65,2.605e-06,125.9,13.2,25.4,5.4,10.6,0.5,3.0426399999999997e-06
449,79.97,-0.14,359.65,2.633e-06,125.8,13.6,25.9,5.8,13.7,0.1,3.083243e-06
450,79.87,-0.14,359.65,2.662e-06,125.6,14.0,27.5,6.1,11.9,-0.0,3.069286e-06
451,79.77,-0.14,359.65,2.69e-06,125.5,14.4,27.0,6.4,12.0,0.3,3.05046e-06
452,79.67,-0.14,359.65,2.719e-06,125.4,14.8,24.5,6.7,13.2,0.5,3.077908e-06
453,79.57,-0.14,359.65,2.749e-06,125.2,15.1,23.2,7.1,11.6,0.9,3.125613e-06
454,79.47,-0.14,359.65,2.778e-06,125.1,15.5,19.8,7.4,12.1,0.7,3.0891360000000004e-06
455,79.37,-0.14,359.65,2.808e-06,124.9,15.9,21.4,7.7,13.4,1.0,3.282552e-06
456,79.27,-0.14,359.65,2.839e-06,124.8,16.3,20.8,8.0,13.4,1.0,3.3840879999999996e-06
457,79.17,-0.14,359.65,2.87e-06,124.6,16.7,22.6,8.3,14.6,0.6,3.3062399999999996e-06
458,79.07,-0.14,359.65,2.901e-06,124.5,17.1,24.8,8.7,15.8,0.8,3.3100409999999997e-06
459,78.97,-0.14,359.65,2.932e-06,124.3,17.4,26.2,9.0,14.3,0.9,3.404052e-06
460,78.87,-0.14,359.65,2.964e-06,124.2,17.8,26.1,9.3,14.4,0.8,3.5153039999999997e-06
461,78.77,-0.14,359.65,2.996e-06,124.0,18.2,24.2,9.6,14.5,0.9,3.457384e-06
462,78.67,-0.14,359.65,3.028e-06,123.9,18.6,25.6,10.0,17.9,1.1,3.388332e-06
463,78.57,-0.14,359.65,3.061e-06,123.7,19.0,27.8,10.3,17.1,1.3,3.3793440000000004e-06
464,78.47,-0.14,359.65,3.094e-06,123.6,19.3,28.2,10.6,16.2,0.7,3.397212e-06
465,78.37,-0.14,359.65,3.128e-06,123.4,19.7,27.2,10.9,16.9,0.5,3.4032640000000004e-06
466,78.27,-0.14,359.65,3.161e-06,123.3,20.1,26.8,11.3,16.5,-0.2,3.5434809999999997e-06
467,78.17,-0.14,359.65,3.196e-06,123.1,20.5,26.8,11.6,19.1,0.8,3.557148e-06
468,78.07,-0.14,359.65,3.23e-06,123.0,20.9,26.9,11.9,20.4,0.8,3.57884e-06
469,77.97,-0.14,359.65,3.265e-06,122.8,21.3,27.8,12.2,21.1,1.2,3.5849700000000004e-06
470,77.87,-0.14,359.65,3.301e-06,122.7,21.6,30.1,12.6,23.6,1.6,3.5815849999999995e-06
471,77.77,-0.14,359.65,3.336e-06,122.5,22.0,30.2,12.9,24.0,1.5,3.68628e-06
472,77.67,-0.14,359.65,3.373e-06,122.4,22.4,28.1,13.2,23.8,1.8,3.7507760000000003e-06
473,77.57,-0.14,359.65,3.409e-06,122.2,22.8,27.3,13.5,21.8,1.6,3.760127e-06
474,77.47,-0.14,359.65,3.446e-06,122.1,23.2,26.7,13.8,25.3,2.0,3.73891e-06
475,77.37,-0.14,359.65,3.483e-06,121.9,23.6,29.9,14.2,23.7,2.1,3.820851e-06
476,77.27,-0.14,359.65,3.521e-06,121.8,23.9,32.3,14.5,23.7,1.8,3.950562e-06
477,77.17,-0.14,359.65,3.559e-06,121.6,24.3,31.2,14.8,22.2,1.8,3.968285e-06
478,77.07,-0.14,359.65,3.598e-06,121.5,24.7,32.3,15.1,21.3,2.0,4.033358e-06
479,76.97,-0.14,359.65,3.637e-06,121.3,25.1,34.7,15.5,20.6,2.0,4.211646e-06
480,76.87,-0.14,359.65,3.677e-06,121.2,25.5,33.0,15.8,21.7,2.6,4.19178e-06
481,76.77,-0.14,359.65,3.716e-06,121.0,25.8,33.4,16.1,20.7,3.0,4.325424e-06
482,76.67,-0.14,359.65,3.757e-06,120.9,26.2,32.2,16.4,21.5,3.3,4.421989e-06
483,76.57,-0.14,359.65,3.798e-06,120.7,26.6,35.5,16.8,20.7,3.0,4.436064e-06
484,76.47,-0.14,359.65,3.839e-06,120.6,27.0,33.7,17.1,18.4,2.9,4.541537e-06
485,76.37,-0.14,359.65,3.881e-06,120.4,27.4,33.0,17.4,17.8,2.6,4.560175e-06
486,76.27,-0.14,359.65,3.923e-06,120.3,27.8,36.2,17.7,19.1,2.9,4.570295000000001e-06
487,76.17,-0.14,359.65,3.965e-06,120.1,28.1,37.5,18.1,21.6,2.8,4.730245000000001e-06
488,76.07,-0.14,359.65,4.008e-06,120.0,28.5,37.5,18.4,19.0,3.0,4.917816000000001e-06
489,75.97,-0.14,359.65,4.052e-06,119.8,28.9,37.8,18.7,19.7,2.7,5.02448e-06
490,75.87,-0.14,359.65,4.096e-06,119.7,29.3,37.2,19.0,18.4,2.8,5.177344000000001e-06
491,75.77,-0.14,359.65,4.141e-06,119.5,29.7,34.0,19.3,20.3,2.4,5.1306990000000005e-06
492,75.67,-0.14,359.65,4.186e-06,119.4,30.1,37.2,19.7,22.9,2.0,5.228314e-06
493,75.57,-0.14,359.65,4.231e-06,119.2,30.4,40.0,20.0,26.0,1.9,5.254902e-06
494,75.47,-0.14,359.65,4.277e-06,119.1,30.8,37.8,20.3,27.0,2.1,5.264987e-06
495,75.37,-0.14,359.65,4.324e-06,119.0,31.2,35.5,20.6,27.3,2.0,5.4309439999999995e-06
496,75.27,-0.14,359.65,4.371e-06,118.8,31.6,35.1,21.0,27.6,2.0,5.503089e-06
497,75.17,-0.14,359.65,4.418e-06,118.7,32.0,32.9,21.3,28.8,2.3,5.575516e-06
498,75.07,-0.14,359.65,4.467e-06,118.5,32.3,31.3,21.6,30.2,2.3,5.735628e-06
499,74.97,-0.14,359.65,5.004e-06,118.4,32.4,29.4,21.7,30.9,2.2,6.3300599999999995e-06
500,74.87,-0.14,359.65,5.088e-06,118.5,31.8,28.6,21.3,29.0,2.4,6.390528e-06
501,74.77,-0.14,359.65,5.172e-06,118.6,31.1,27.7,20.9,28.3,2.3,6.614987999999999e-06
502,74.67,-0.14,359.65,5.259e-06,118.6,30.5,27.4,20.5,30.1,2.9,6.642116999999999e-06
503,74.57,-0.14,359.65,5.347e-06,118.7,29.9,25.8,20.1,30.0,3.0,6.657015e-06
504,74.47,-0.14,359.65,5.436e-06,118.8,29.2,23.0,19.7,30.7,3.0,6.751512e-06
505,74.37,-0.14,359.65,5.527e-06,118.8,28.6,21.8,19.3,27.4,3.0,6.936384999999999e-06
506,74.27,-0.14,359.65,5.619e-06,118.9,27.9,22.1,18.9,25.0,3.4,7.02375e-06
507,74.17,-0.14,359.65,5.713e-06,119.0,27.3,21.9,18.5,25.1,3.4,7.08412e-06
508,74.07,-0.14,359.65,5.809e-06,119.1,26.7,20.5,18.1,21.6,3.4,7.02889e-06
509,73.97,-0.14,359.65,5.906e-06,119.1,26.0,19.2,17.7,21.0,3.3,7.20532e-06
510,73.87,-0.14,359.65,6.004e-06,119.2,25.4,18.6,17.3,23.1,2.6,7.276847999999999e-06
511,73.77,-0.14,359.65,6.105e-06,119.3,24.8,16.2,16.9,23.5,2.4,7.277159999999999e-06
512,73.67,-0.14,359.65,6.207e-06,119.3,24.1,15.9,16.4,20.4,2.0,7.4421930000000005e-06
513,73.57,-0.14,359.65,6.31e-06,119.4,23.5,14.9,16.0,18.8,1.7,7.4710399999999995e-06
514,73.47,-0.14,359.65,6.416e-06,119.5,22.8,14.9,15.6,15.1,1.2,7.493887999999999e-06
515,73.37,-0.14,359.65,6.523e-06,119.6,22.2,13.7,15.2,14.3,1.1,7.351421e-06
516,73.27,-0.14,359.65,6.632e-06,119.6,21.6,14.9,14.8,13.7,0.8,7.613535999999999e-06
517,73.17,-0.14,359.65,6.743e-06,119.7,20.9,14.8,14.4,11.0,0.6,7.848851999999999e-06
518,73.07,-0.14,359.65,6.855e-06,119.8,20.3,16.0,14.0,12.9,0.8,7.732439999999998e-06
519,72.97,-0.14,359.65,6.97e-06,119.8,19.7,14.6,13.6,12.6,1.0,7.90398e-06
520,72.87,-0.14,359.65,7.086e-06,119.9,19.0,13.4,13.2,10.0,1.0,7.993007999999998e-06
521,72.77,-0.14,359.65,7.205e-06,120.0,18.4,12.0,12.8,9.8,1.3,8.091214999999999e-06
522,72.67,-0.14,359.65,7.325e-06,120.1,17.7,10.4,12.4,7.8,0.9,8.07215e-06
523,72.57,-0.14,359.65,7.448e-06,120.1,17.1,11.3,12.0,8.8,0.9,8.364104e-06
524,72.47,-0.14,359.65,7.572e-06,120.2,16.5,12.1,11.6,5.9,1.1,8.374632e-06
525,72.37,-0.14,359.65,7.699e-06,120.3,15.8,10.8,11.2,5.8,1.3,8.330318000000001e-06
526,72.27,-0.14,359.65,7.827e-06,120.3,15.2,7.7,10.8,5.3,1.1,8.492295e-06
527,72.17,-0.14,359.65,7.958e-06,120.4,14.6,7.7,10.4,5.7,1.5,8.857254e-06
528,72.07,-0.14,359.65,8.091e-06,120.5,13.9,8.8,10.0,5.1,1.7,9.142829999999999e-06
529,71.97,-0.14,359.65,8.226e-06,120.5,13.3,8.8,9.6,5.6,1.6,9.509256e-06
530,71.87,-0.14,359.65,8.364e-06,120.6,12.6,7.5,9.2,6.2,1.5,9.442956e-06
531,71.77,-0.14,359.65,8.504e-06,120.7,12.0,5.1,8.8,3.3,0.7,9.498968e-06
532,71.67,-0.14,359.65,8.646e-06,120.8,11.4,1.3,8.4,3.2,0.9,9.960192e-06
533,71.57,-0.14,359.65,8.79e-06,120.8,10.7,0.9,8.0,3.9,1.0,1.0222770000000001e-05
534,71.47,-0.14,359.65,8.937e-06,120.9,10.1,0.7,7.6,3.5,0.7,1.0384793999999998e-05
535,71.37,-0.14,359.65,9.087e-06,121.0,9.5,0.5,7.2,3.6,0.8,1.0949835e-05
536,71.27,-0.14,359.66,9.238e-06,121.0,8.8,-0.2,6.7,4.9,1.2,1.0983982000000001e-05
537,71.17,-0.14,359.66,9.393e-06,121.1,8.2,-1.1,6.3,4.0,1.5,1.1205849e-05
538,71.07,-0.14,359.66,9.55e-06,121.2,7.5,-3.3,5.9,3.1,1.6,1.14027e-05
539,70.97,-0.14,359.66,9.71e-06,121.3,6.9,-3.4,5.5,1.7,1.1,1.163258e-05
540,70.87,-0.14,359.66,9.872e-06,121.3,6.3,-3.8,5.1,-1.3,1.1,1.1915504e-05
541,70.77,-0.14,359.66,1.004e-05,121.4,5.6,-5.7,4.7,-1.2,1.3,1.18472e-05
542,70.67,-0.14,359.66,1.02e-05,121.5,5.0,-7.2,4.3,-1.6,1.4,1.16892e-05
543,70.57,-0.14,359.66,1.038e-05,121.5,4.4,-5.2,3.9,-1.5,1.3,1.17294e-05
544,70.47,-0.14,359.66,1.055e-05,121.6,3.7,-4.9,3.5,-1.5,0.8,1.20903e-05
545,70.37,-0.14,359.66,1.073e-05,121.7,3.1,-5.3,3.1,-2.6,0.6,1.221074e-05
546,70.27,-0.14,359.66,1.09e-05,121.7,2.4,-8.3,2.7,-1.8,0.3,1.25786e-05
547,70.17,-0.14,359.66,1.109e-05,121.8,1.8,-8.6,2.3,0.3,0.3,1.2420800000000001e-05
548,70.07,-0.14,359.66,1.127e-05,121.9,1.2,-10.8,1.9,0.1,0.9,1.252097e-05
549,69.97,-0.14,359.66,9.45e-06,122.1,0.5,-9.5,1.6,1.7,0.8,1.03005e-05
550,69.87,-0.14,359.66,9.512e-06,122.5,-0.0,-9.2,1.4,2.0,0.7,1.0301495999999999e-05
551,69.77,-0.14,359.66,9.574e-06,122.8,-0.6,-6.9,1.3,1.6,0.3,1.038779e-05
552,69.67,-0.14,359.66,9.637e-06,123.2,-1.2,-6.1,1.2,-0.3,0.5,1.0436870999999999e-05
553,69.57,-0.14,359.66,9.7e-06,123.6,-1.8,-4.5,1.0,-1.7,0.1,1.0534200000000002e-05
554,69.47,-0.14,359.66,9.764e-06,124.0,-2.4,-4.3,0.9,-0.7,0.1,1.0476772e-05
555,69.37,-0.14,359.66,9.828e-06,124.4,-3.0,-4.5,0.7,-1.2,-0.1,1.0456992e-05
556,69.27,-0.14,359.66,9.893e-06,124.8,-3.6,-4.5,0.6,-2.0,-0.1,1.0536045e-05
557,69.17,-0.14,359.66,9.958e-06,125.2,-4.2,-3.3,0.5,-2.9,0.3,1.0266697999999999e-05
558,69.07,-0.14,359.66,1.002e-05,125.6,-4.8,-2.6,0.3,-0.7,0.3,1.0190339999999999e-05
559,68.97,-0.14,359.66,1.009e-05,126.0,-5.4,-1.9,0.2,-0.5,0.1,1.035234e-05
560,68.87,-0.14,359.66,1.016e-05,126.4,-6.0,-1.1,0.0,1.3,-0.0,1.014984e-05
561,68.77,-0.14,359.66,1.022e-05,126.7,-6.6,-2.2,-0.1,0.6,0.3,1.035286e-05
562,68.67,-0.14,359.66,1.029e-05,127.1,-7.2,-3.6,-0.2,-0.1,0.5,1.0300289999999998e-05
563,68.57,-0.14,359.66,1.036e-05,127.5,-7.8,-2.0,-0.4,-2.3,0.5,1.0650080000000002e-05
564,68.47,-0.14,359.66,1.043e-05,127.9,-8.4,-1.8,-0.5,-2.7,0.9,1.051344e-05
565,68.37,-0.14,359.66,1.05e-05,128.3,-9.0,-4.0,-0.7,-2.3,1.2,1.0562999999999999e-05
566,68.27,-0.14,359.66,1.057e-05,128.7,-9.6,-2.7,-0.8,-2.8,1.6,1.064399e-05
567,68.17,-0.14,359.66,1.064e-05,129.1,-10.2,-2.3,-0.9,-0.0,1.9,1.091664e-05
568,68.07,-0.14,359.66,1.071e-05,129.5,-10.8,-3.6,-1.1,-0.8,1.7,1.0913489999999999e-05
569,67.97,-0.14,359.66,1.078e-05,129.9,-11.4,-4.8,-1.2,-0.7,1.9,1.078e-05
570,67.87,-0.14,359.66,1.086e-05,130.3,-12.0,-5.4,-1.4,-0.0,1.6,1.07514e-05
571,67.77,-0.14,359.66,1.093e-05,130.6,-12.6,-6.6,-1.5,0.4,1.6,1.093e-05
572,67.67,-0.14,359.66,1.1e-05,131.0,-13.2,-8.5,-1.6,2.1,1.6,1.1010999999999998e-05
573,67.57,-0.14,359.66,1.108e-05,131.4,-13.8,-8.3,-1.8,1.0,1.6,1.115756e-05
574,67.47,-0.14,359.66,1.115e-05,131.8,-14.4,-11.0,-1.9,2.9,1.3,1.142875e-05
575,67.37,-0.14,359.66,1.123e-05,132.2,-15.0,-12.1,-2.1,5.5,0.8,1.1454599999999999e-05
576,67.27,-0.14,359.66,1.131e-05,132.6,-15.5,-12.2,-2.2,5.6,1.2,1.162668e-05
577,67.17,-0.14,359.66,1.138e-05,133.0,-16.1,-14.4,-2.3,6.0,0.9,1.1755539999999999e-05
578,67.07,-0.14,359.66,1.146e-05,133.4,-16.7,-14.5,-2.5,5.0,0.7,1.16892e-05
579,66.97,-0.14,359.66,1.154e-05,133.8,-17.3,-14.5,-2.6,4.4,0.5,1.207084e-05
580,66.87,-0.14,359.66,1.162e-05,134.2,-17.9,-12.5,-2.8,2.0,0.9,1.2049939999999999e-05
581,66.77,-0.14,359.66,1.17e-05,134.5,-18.5,-13.0,-2.9,3.6,1.0,1.2156299999999999e-05
582,66.67,-0.14,359.66,1.177e-05,134.9,-19.1,-16.4,-3.0,2.3,0.7,1.2146640000000001e-05
583,66.57,-0.14,359.66,1.186e-05,135.3,-19.7,-17.2,-3.2,1.9,1.1,1.2369979999999999e-05
584,66.47,-0.14,359.66,1.194e-05,135.7,-20.3,-18.5,-3.3,3.8,0.8,1.2131039999999999e-05
585,66.37,-0.14,359.66,1.202e-05,136.1,-20.9,-22.0,-3.5,4.0,1.1,1.185172e-05
586,66.27,-0.14,359.66,1.21e-05,136.5,-21.5,-22.7,-3.6,3.3,1.2,1.17007e-05
587,66.17,-0.14,359.66,1.218e-05,136.9,-22.1,-24.9,-3.7,4.4,1.3,1.137612e-05
588,66.07,-0.14,359.66,1.227e-05,137.3,-22.7,-25.3,-3.9,2.6,1.1,1.117797e-05
589,65.97,-0.14,359.66,1.235e-05,137.7,-23.3,-24.5,-4.0,3.0,0.8,1.1201450000000001e-05
590,65.87,-0.14,359.66,1.244e-05,138.1,-23.9,-25.4,-4.2,2.5,0.8,1.0996959999999999e-05
591,65.77,-0.14,359.66,1.252e-05,138.4,-24.5,-26.2,-4.3,3.8,0.5,1.0854840000000001e-05
592,65.67,-0.14,359.66,1.261e-05,138.8,-25.1,-26.7,-4.4,2.1,-0.1,1.0642839999999999e-05
593,65.57,-0.14,359.66,1.27e-05,139.2,-25.7,-28.8,-4.6,1.6,-0.4,1.09347e-05
594,65.47,-0.14,359.66,1.279e-05,139.6,-26.3,-27.8,-4.7,1.5,-0.4,1.1101719999999999e-05
595,65.37,-0.14,359.66,1.287e-05,140.0,-26.9,-28.8,-4.9,-1.5,-0.9,1.06821e-05
596,65.27,-0.14,359.66,1.296e-05,140.4,-27.5,-28.5,-5.0,-0.0,-0.7,1.109376e-05
597,65.17,-0.14,359.66,1.305e-05,140.8,-28.1,-28.6,-5.1,0.5,-1.0,1.136655e-05
598,65.07,-0.14,359.66,1.314e-05,141.2,-28.7,-27.8,-5.3,-0.4,-1.0,1.139238e-05
599,64.97,-0.14,359.66,1.309e-05,141.5,-29.0,-30.0,-5.6,0.6,-1.0,1.149302e-05
600,64.87,-0.14,359.66,1.317e-05,141.7,-28.9,-32.2,-6.4,-1.1,-0.5,1.153692e-05
601,64.77,-0.14,359.66,1.324e-05,142.0,-28.7,-30.7,-7.1,-2.5,-0.5,1.157176e-05
602,64.67,-0.14,359.66,1.332e-05,142.2,-28.5,-29.4,-7.8,-2.4,-0.3,1.1561759999999999e-05
603,64.57,-0.14,359.66,1.339e-05,142.4,-28.4,-29.4,-8.6,-0.2,-0.2,1.140828e-05
604,64.47,-0.14,359.66,1.347e-05,142.6,-28.2,-30.5,-9.3,-0.3,-0.5,1.134174e-05
605,64.37,-0.14,359.66,1.354e-05,142.8,-28.0,-31.6,-10.1,-1.0,0.2,1.1278820000000001e-05
606,64.27,-0.14,359.66,1.362e-05,143.1,-27.9,-34.9,-10.8,-2.7,0.0,1.145442e-05
607,64.17,-0.14,359.66,1.369e-05,143.3,-27.7,-34.3,-11.5,-1.5,-0.0,1.141746e-05
608,64.07,-0.14,359.66,1.377e-05,143.5,-27.5,-32.4,-12.3,-3.6,-0.2,1.141533e-05
609,63.97,-0.14,359.66,1.385e-05,143.7,-27.4,-34.0,-13.0,-4.9,0.3,1.189715e-05
610,63.87,-0.14,359.66,1.393e-05,144.0,-27.2,-33.5,-13.8,-7.0,-0.1,1.236984e-05
611,63.77,-0.14,359.66,1.401e-05,144.2,-27.0,-32.6,-14.5,-5.6,-0.2,1.228677e-05
612,63.67,-0.14,359.66,1.409e-05,144.4,-26.9,-30.8,-15.2,-8.6,0.2,1.2342840000000001e-05
613,63.57,-0.14,359.66,1.416e-05,144.6,-26.7,-30.9,-16.0,-10.8,-0.3,1.230504e-05
614,63.47,-0.14,359.66,1.424e-05,144.8,-26.5,-30.4,-16.7,-14.3,-0.5,1.2403039999999999e-05
615,63.37,-0.14,359.66,1.433e-05,145.1,-26.4,-31.6,-17.5,-14.7,-0.4,1.239545e-05
616,63.27,-0.14,359.66,1.441e-05,145.3,-26.2,-32.3,-18.2,-15.5,-0.0,1.221968e-05
617,63.17,-0.14,359.66,1.449e-05,145.5,-26.1,-30.7,-18.9,-16.5,0.0,1.243242e-05
618,63.07,-0.14,359.66,1.457e-05,145.7,-25.9,-30.8,-19.7,-17.9,-0.4,1.234079e-05
619,62.97,-0.14,359.66,1.465e-05,146.0,-25.7,-31.0,-20.4,-18.1,-0.2,1.255505e-05
620,62.87,-0.14,359.66,1.474e-05,146.2,-25.6,-31.9,-21.2,-19.8,-0.3,1.2691139999999999e-05
621,62.77,-0.14,359.66,1.482e-05,146.4,-25.4,-32.2,-21.9,-17.1,-0.4,1.2834120000000001e-05
622,62.67,-0.14,359.66,1.49e-05,146.6,-25.2,-31.8,-22.7,-20.3,-0.4,1.2814e-05
623,62.57,-0.14,359.66,1.499e-05,146.9,-25.1,-31.0,-23.4,-21.7,-0.6,1.27415e-05
624,62.47,-0.14,359.66,1.507e-05,147.1,-24.9,-29.5,-24.1,-21.8,-0.6,1.2884849999999999e-05
625,62.37,-0.14,359.66,1.516e-05,147.3,-24.7,-30.5,-24.9,-20.6,-0.4,1.3249840000000001e-05
626,62.27,-0.14,359.66,1.524e-05,147.5,-24.6,-30.4,-25.6,-22.4,-0.4,1.344168e-05
627,62.17,-0.14,359.67,1.533e-05,147.7,-24.4,-30.3,-26.4,-22.1,-0.3,1.34904e-05
628,62.07,-0.14,359.67,1.542e-05,148.0,-24.2,-32.5,-27.1,-24.5,-0.5,1.4248080000000002e-05
629,61.97,-0.14,359.67,1.551e-05,148.2,-24.1,-34.1,-27.8,-25.0,-0.2,1.44243e-05
630,61.87,-0.14,359.67,1.559e-05,148.4,-23.9,-33.6,-28.6,-25.7,-0.0,1.4576650000000002e-05
631,61.77,-0.14,359.67,1.568e-05,148.6,-23.7,-33.4,-29.3,-25.7,0.2,1.448832e-05
632,61.67,-0.14,359.67,1.577e-05,148.9,-23.6,-32.5,-30.1,-26.0,0.1,1.46661e-05
633,61.57,-0.14,359.67,1.586e-05,149.1,-23.4,-33.4,-30.8,-27.8,0.3,1.455948e-05
634,61.47,-0.14,359.67,1.595e-05,149.3,-23.3,-32.3,-31.5,-24.1,0.7,1.4323100000000002e-05
635,61.37,-0.14,359.67,1.604e-05,149.5,-23.1,-30.3,-32.3,-25.7,0.8,1.5189879999999999e-05
636,61.27,-0.14,359.67,1.613e-05,149.7,-22.9,-30.5,-33.0,-26.3,0.7,1.561384e-05
637,61.17,-0.14,359.67,1.623e-05,150.0,-22.8,-30.4,-33.8,-30.6,0.9,1.611639e-05
638,61.07,-0.14,359.67,1.632e-05,150.2,-22.6,-29.6,-34.5,-31.8,0.8,1.625472e-05
639,60.97,-0.14,359.67,1.641e-05,150.4,-22.4,-29.8,-35.3,-32.8,0.6,1.645923e-05
640,60.87,-0.14,359.67,1.651e-05,150.6,-22.3,-31.6,-36.0,-32.6,0.8,1.631188e-05
641,60.77,-0.14,359.67,1.66e-05,150.9,-22.1,-29.8,-36.7,-31.6,1.1,1.64838e-05
642,60.67,-0.14,359.67,1.669e-05,151.1,-21.9,-27.2,-37.5,-34.0,1.1,1.6923660000000003e-05
643,60.57,-0.14,359.67,1.679e-05,151.3,-21.8,-26.5,-38.2,-34.5,1.1,1.7176169999999998e-05
644,60.47,-0.14,359.67,1.689e-05,151.5,-21.6,-27.5,-39.0,-35.7,0.9,1.7447369999999996e-05
645,60.37,-0.14,359.67,1.698e-05,151.7,-21.4,-28.7,-39.7,-37.1,1.4,1.752336e-05
646,60.27,-0.14,359.67,1.708e-05,152.0,-21.3,-28.9,-40.4,-38.7,1.4,1.762656e-05
647,60.17,-0.14,359.67,1.718e-05,152.2,-21.1,-28.8,-41.2,-38.3,1.8,1.79531e-05
648,60.07,-0.14,359.67,1.728e-05,152.4,-21.0,-26.7,-41.9,-38.3,1.8,1.795392e-05
649,59.97,-0.14,359.67,1.741e-05,152.5,-20.6,-30.9,-42.3,-38.2,1.5,1.826309e-05
650,59.87,-0.14,359.67,1.761e-05,152.4,-19.7,-30.3,-42.0,-40.5,1.3,1.838484e-05
651,59.77,-0.14,359.67,1.781e-05,152.2,-18.9,-28.3,-41.8,-41.2,1.4,1.8184009999999998e-05
652,59.67,-0.14,359.67,1.802e-05,152.1,-18.1,-28.5,-41.5,-42.2,1.5,1.825426e-05
653,59.57,-0.14,359.67,1.823e-05,151.9,-17.2,-27.4,-41.2,-42.1,1.3,1.8321149999999997e-05
654,59.47,-0.14,359.67,1.844e-05,151.8,-16.4,-26.0,-40.9,-43.7,1.7,1.901164e-05
655,59.37,-0.14,359.67,1.865e-05,151.6,-15.5,-22.2,-40.6,-44.1,2.0,1.941465e-05
656,59.27,-0.14,359.67,1.887e-05,151.5,-14.7,-19.5,-40.3,-44.9,2.1,1.9775760000000002e-05
657,59.17,-0.14,359.67,1.909e-05,151.3,-13.9,-19.8,-40.0,-43.8,1.9,2.019722e-05
658,59.07,-0.14,359.67,1.931e-05,151.2,-13.0,-20.9,-39.8,-41.5,1.9,1.992792e-05
659,58.97,-0.14,359.67,1.953e-05,151.0,-12.2,-18.7,-39.5,-37.9,1.7,2.009637e-05
660,58.87,-0.14,359.67,1.976e-05,150.9,-11.4,-17.5,-39.2,-37.9,1.7,2.013544e-05
661,58.77,-0.14,359.67,1.999e-05,150.7,-10.5,-15.3,-38.9,-35.9,1.7,2.0289849999999997e-05
662,58.67,-0.14,359.67,2.022e-05,150.6,-9.7,-11.8,-38.6,-37.0,1.8,2.0280659999999998e-05
663,58.57,-0.14,359.67,2.045e-05,150.4,-8.8,-9.9,-38.3,-38.4,2.0,2.096125e-05
664,58.47,-0.14,359.67,2.069e-05,150.3,-8.0,-9.2,-38.0,-38.2,2.2,2.120725e-05
665,58.37,-0.14,359.67,2.093e-05,150.1,-7.2,-7.9,-37.7,-38.6,2.5,2.149511e-05
666,58.27,-0.14,359.67,2.117e-05,150.0,-6.3,-10.1,-37.5,-39.7,2.4,2.1762759999999998e-05
667,58.17,-0.14,359.67,2.142e-05,149.8,-5.5,-10.3,-37.2,-40.6,2.8,2.21697e-05
668,58.07,-0.14,359.67,2.166e-05,149.7,-4.7,-9.3,-36.9,-38.5,2.5,2.23098e-05
669,57.97,-0.14,359.67,2.191e-05,149.5,-3.8,-9.2,-36.6,-38.1,2.9,2.2764489999999998e-05
670,57.87,-0.14,359.67,2.217e-05,149.4,-3.0,-7.1,-36.3,-36.3,2.7,2.287944e-05
671,57.77,-0.14,359.67,2.243e-05,149.2,-2.2,-5.5,-36.0,-35.4,2.5,2.359636e-05
672,57.67,-0.14,359.67,2.269e-05,149.1,-1.3,-4.6,-35.7,-34.7,2.5,2.3915260000000002e-05
673,57.57,-0.14,359.67,2.295e-05,148.9,-0.5,-4.9,-35.5,-35.8,2.9,2.4395849999999998e-05
674,57.47,-0.14,359.67,2.321e-05,148.8,0.4,-2.9,-35.2,-35.6,2.7,2.4811489999999997e-05
675,57.37,-0.14,359.67,2.348e-05,148.6,1.2,-2.7,-34.9,-32.3,2.2,2.526448e-05
676,57.27,-0.14,359.67,2.376e-05,148.5,2.0,-0.1,-34.6,-31.5,2.2,2.532816e-05
677,57.17,-0.14,359.67,2.403e-05,148.3,2.9,1.8,-34.3,-30.2,2.7,2.5399709999999997e-05
678,57.07,-0.14,359.67,2.431e-05,148.2,3.7,3.6,-34.0,-30.2,2.3,2.5890149999999998e-05
679,56.97,-0.14,359.67,2.459e-05,148.1,4.5,4.8,-33.7,-29.6,2.5,2.6286709999999998e-05
680,56.87,-0.14,359.67,2.488e-05,147.9,5.4,4.9,-33.5,-30.6,2.5,2.716896e-05
681,56.77,-0.14,359.67,2.517e-05,147.8,6.2,7.8,-33.2,-31.4,2.3,2.6478840000000004e-05
682,56.67,-0.14,359.67,2.546e-05,147.6,7.1,8.7,-32.9,-33.2,2.1,2.6147419999999998e-05
683,56.57,-0.14,359.67,2.575e-05,147.5,7.9,6.4,-32.6,-29.8,1.8,2.6033249999999997e-05
684,56.47,-0.14,359.67,2.605e-05,147.3,8.7,6.2,-32.3,-30.2,1.7,2.597185e-05
685,56.37,-0.14,359.67,2.636e-05,147.2,9.6,7.0,-32.0,-29.6,1.4,2.6755399999999995e-05
686,56.27,-0.14,359.67,2.666e-05,147.0,10.4,8.8,-31.7,-30.9,1.4,2.697992e-05
687,56.17,-0.14,359.67,2.697e-05,146.9,11.2,10.2,-31.4,-30.8,1.4,2.7320609999999998e-05
688,56.07,-0.14,359.67,2.728e-05,146.7,12.1,13.2,-31.2,-33.4,1.3,2.744368e-05
689,55.97,-0.14,359.67,2.76e-05,146.6,12.9,12.3,-30.9,-33.0,1.5,2.77656e-05
690,55.87,-0.14,359.67,2.792e-05,146.4,13.8,13.0,-30.6,-33.3,1.4,2.794792e-05
691,55.77,-0.14,359.67,2.825e-05,146.3,14.6,14.2,-30.3,-32.3,1.1,2.86455e-05
692,55.67,-0.14,359.67,2.857e-05,146.1,15.4,16.6,-30.0,-31.1,1.4,2.8684279999999998e-05
693,55.57,-0.14,359.67,2.891e-05,146.0,16.3,16.8,-29.7,-30.7,1.5,2.9748389999999997e-05
694,55.47,-0.14,359.67,2.924e-05,145.8,17.1,16.9,-29.4,-30.4,1.7,3.0058720000000002e-05
695,55.37,-0.14,359.67,2.958e-05,145.7,17.9,18.0,-29.2,-31.8,1.5,3.0704040000000006e-05
696,55.27,-0.14,359.67,2.992e-05,145.5,18.8,19.6,-28.9,-32.1,1.3,3.078768e-05
697,55.17,-0.14,359.67,3.027e-05,145.4,19.6,19.7,-28.6,-32.2,1.3,3.123864e-05
698,55.07,-0.14,359.67,3.062e-05,145.2,20.5,19.1,-28.3,-30.9,1.4,3.141612e-05
699,54.97,-0.14,359.67,3.101e-05,145.0,20.8,18.6,-27.9,-30.2,1.6,3.141313e-05
700,54.87,-0.14,359.67,3.147e-05,144.7,20.0,18.0,-27.4,-30.1,1.9,3.17847e-05
701,54.77,-0.14,359.67,3.194e-05,144.4,19.1,16.4,-26.9,-28.2,2.0,3.2387160000000005e-05
702,54.67,-0.14,359.67,3.241e-05,144.1,18.3,14.7,-26.3,-27.2,2.1,3.2377590000000006e-05
703,54.57,-0.14,359.67,3.289e-05,143.8,17.5,11.9,-25.8,-26.8,2.1,3.344912999999999e-05
704,54.47,-0.14,359.67,3.338e-05,143.5,16.7,11.4,-25.3,-24.6,2.5,3.42145e-05
705,54.37,-0.14,359.67,3.387e-05,143.2,15.9,11.2,-24.8,-25.7,2.3,3.4716749999999996e-05
706,54.27,-0.14,359.67,3.438e-05,142.9,15.1,9.9,-24.2,-25.7,1.9,3.4620659999999996e-05
707,54.17,-0.14,359.67,3.489e-05,142.6,14.3,8.8,-23.7,-25.3,2.1,3.5273789999999994e-05
708,54.07,-0.14,359.67,3.54e-05,142.3,13.5,7.8,-23.2,-24.1,2.3,3.578939999999999e-05
709,53.97,-0.14,359.67,3.593e-05,142.0,12.7,6.8,-22.6,-22.5,2.6,3.6217440000000006e-05
710,53.87,-0.14,359.67,3.646e-05,141.7,11.9,6.3,-22.1,-21.1,2.9,3.675168e-05
711,53.77,-0.14,359.67,3.701e-05,141.4,11.0,5.9,-21.6,-20.0,3.1,3.734309e-05
712,53.67,-0.14,359.67,3.756e-05,141.1,10.2,6.4,-21.0,-20.1,3.3,3.804828e-05
713,53.57,-0.14,359.67,3.812e-05,140.8,9.4,5.8,-20.5,-19.5,3.3,3.819624e-05
714,53.47,-0.14,359.67,3.868e-05,140.5,8.6,5.8,-20.0,-17.9,3.1,3.895076e-05
715,53.37,-0.14,359.67,3.926e-05,140.2,7.8,3.9,-19.5,-15.0,2.9,3.9927419999999995e-05
716,53.27,-0.14,359.67,3.984e-05,139.9,7.0,1.6,-18.9,-14.5,3.0,4.071648e-05
717,53.17,-0.14,359.68,4.044e-05,139.6,6.2,-0.3,-18.4,-13.7,2.5,4.1289239999999994e-05
718,53.07,-0.14,359.68,4.104e-05,139.4,5.4,0.0,-17.9,-12.9,2.1,4.1491439999999997e-05
719,52.97,-0.14,359.68,4.165e-05,139.1,4.6,-1.3,-17.3,-10.6,2.0,4.18999e-05
720,52.87,-0.14,359.68,4.227e-05,138.8,3.8,-1.1,-16.8,-8.3,2.2,4.3326749999999996e-05
721,52.77,-0.14,359.68,4.29e-05,138.5,2.9,-3.5,-16.3,-9.5,2.0,4.4573099999999995e-05
722,52.67,-0.14,359.68,4.354e-05,138.2,2.1,-4.8,-15.8,-9.7,2.1,4.5717e-05
723,52.57,-0.14,359.68,4.419e-05,137.9,1.3,-4.4,-15.2,-9.2,1.8,4.6929780000000005e-05
724,52.47,-0.14,359.68,4.485e-05,137.6,0.5,-5.0,-14.7,-8.6,1.9,4.722705e-05
725,52.37,-0.14,359.68,4.552e-05,137.3,-0.3,-6.4,-14.2,-7.4,2.3,4.743184e-05
726,52.27,-0.14,359.68,4.62e-05,137.0,-1.1,-7.1,-13.6,-8.3,2.3,4.8463799999999995e-05
727,52.17,-0.14,359.68,4.689e-05,136.7,-1.9,-7.6,-13.1,-6.8,2.3,4.993785e-05
728,52.07,-0.14,359.68,4.759e-05,136.4,-2.7,-9.7,-12.6,-6.0,2.5,5.101648e-05
729,51.97,-0.14,359.68,4.83e-05,136.1,-3.5,-8.4,-12.0,-7.0,2.2,5.197080000000001e-05
730,51.87,-0.14,359.68,4.902e-05,135.8,-4.3,-9.7,-11.5,-8.2,2.2,5.289258e-05
731,51.77,-0.14,359.68,4.976e-05,135.5,-5.2,-11.7,-11.0,-7.8,2.1,5.413888e-05
732,51.67,-0.14,359.68,5.05e-05,135.2,-6.0,-14.1,-10.5,-8.0,2.1,5.4843e-05
733,51.57,-0.14,359.68,5.126e-05,134.9,-6.8,-14.0,-9.9,-5.7,1.8,5.684734e-05
734,51.47,-0.14,359.68,5.202e-05,134.6,-7.6,-13.9,-9.4,-5.3,1.2,5.6181600000000004e-05
735,51.37,-0.14,359.68,5.28e-05,134.3,-8.4,-13.9,-8.9,-5.8,1.0,5.7816000000000003e-05
736,51.27,-0.14,359.68,5.359e-05,134.0,-9.2,-14.1,-8.3,-6.2,1.0,5.964567e-05
737,51.17,-0.14,359.68,5.44e-05,133.7,-10.0,-17.3,-7.8,-3.6,1.0,5.98944e-05
738,51.07,-0.14,359.68,5.521e-05,133.4,-10.8,-18.7,-7.3,-3.3,0.9,6.023411e-05
739,50.97,-0.14,359.68,5.604e-05,133.1,-11.6,-18.4,-6.7,-3.4,0.4,6.1027559999999995e-05
740,50.87,-0.14,359.68,5.688e-05,132.8,-12.4,-20.3,-6.2,-3.7,1.0,6.2568e-05
741,50.77,-0.14,359.68,5.774e-05,132.5,-13.3,-20.3,-5.7,-2.3,0.9,6.230146e-05
742,50.67,-0.14,359.68,5.86e-05,132.2,-14.1,-20.2,-5.2,-3.5,0.7,6.352240000000001e-05
743,50.57,-0.14,359.68,5.948e-05,131.9,-14.9,-19.0,-4.6,-4.2,0.5,6.388152e-05
744,50.47,-0.14,359.68,6.038e-05,131.6,-15.7,-20.8,-4.1,-3.5,0.5,6.629724000000001e-05
745,50.37,-0.14,359.68,6.128e-05,131.3,-16.5,-21.5,-3.6,-3.3,0.7,6.704032e-05
746,50.27,-0.14,359.68,6.221e-05,131.0,-17.3,-22.2,-3.0,-3.6,1.0,6.849321e-05
747,50.17,-0.14,359.68,6.314e-05,130.7,-18.1,-22.3,-2.5,-3.8,0.8,6.958028e-05
748,50.07,-0.14,359.68,6.409e-05,130.4,-18.9,-23.4,-2.0,-2.4,0.8,7.024264000000001e-05
749,49.97,-0.14,359.68,6.504e-05,130.2,-19.7,-23.4,-1.5,-2.4,0.9,7.219440000000001e-05
750,49.87,-0.14,359.68,6.595e-05,130.2,-20.2,-22.8,-1.2,-2.6,0.7,7.274285000000001e-05
751,49.77,-0.14,359.68,6.689e-05,130.2,-20.7,-24.2,-0.8,-3.8,0.9,7.505058000000001e-05
752,49.67,-0.14,359.68,6.783e-05,130.2,-21.3,-22.7,-0.4,-4.3,0.7,7.637658e-05
753,49.57,-0.14,359.68,6.879e-05,130.2,-21.8,-22.4,-0.1,-4.9,0.4,7.683843e-05
754,49.47,-0.14,359.68,6.976e-05,130.2,-22.3,-23.4,0.3,-5.9,0.2,7.820095999999999e-05
755,49.37,-0.14,359.68,7.075e-05,130.2,-22.9,-22.5,0.6,-5.5,0.2,8.008899999999998e-05
756,49.27,-0.14,359.68,7.175e-05,130.2,-23.4,-23.7,1.0,-4.7,0.1,8.02165e-05
757,49.17,-0.14,359.68,7.276e-05,130.2,-23.9,-24.5,1.3,-4.7,0.1,8.134568000000001e-05
758,49.07,-0.14,359.68,7.379e-05,130.2,-24.5,-23.5,1.7,-4.2,-0.1,8.183311e-05
759,48.97,-0.14,359.68,7.483e-05,130.1,-25.0,-25.1,2.1,-6.2,-0.1,8.216334e-05
760,48.87,-0.14,359.68,7.589e-05,130.1,-25.6,-25.2,2.4,-5.3,-0.2,8.385844999999999e-05
761,48.77,-0.14,359.68,7.696e-05,130.1,-26.1,-25.0,2.8,-5.2,-0.7,8.573344e-05
762,48.67,-0.14,359.68,7.805e-05,130.1,-26.6,-26.3,3.1,-4.3,-0.5,8.663550000000001e-05
763,48.57,-0.14,359.68,7.915e-05,130.1,-27.2,-26.8,3.5,-4.0,-0.4,8.809395e-05
764,48.47,-0.14,359.68,8.027e-05,130.1,-27.7,-26.9,3.8,-4.3,-0.4,9.126699e-05
765,48.37,-0.14,359.68,8.14e-05,130.1,-28.2,-27.4,4.2,-5.2,-0.3,9.17378e-05
766,48.27,-0.14,359.68,8.255e-05,130.1,-28.8,-29.9,4.6,-5.6,-0.6,9.361169999999999e-05
767,48.17,-0.14,359.68,8.372e-05,130.1,-29.3,-29.5,4.9,-5.3,-0.3,9.510592e-05
768,48.07,-0.14,359.68,8.49e-05,130.1,-29.9,-32.1,5.3,-3.9,-0.3,9.62766e-05
769,47.97,-0.14,359.68,8.61e-05,130.1,-30.4,-32.3,5.6,-3.1,0.0,9.849839999999999e-05
770,47.87,-0.14,359.68,8.731e-05,130.1,-30.9,-32.5,6.0,-1.7,-0.1,9.909685e-05
771,47.77,-0.14,359.68,8.855e-05,130.1,-31.5,-32.5,6.3,-0.2,0.1,9.997295e-05
772,47.67,-0.14,359.68,8.98e-05,130.1,-32.0,-33.1,6.7,0.3,-0.1,0.00010201279999999999
773,47.57,-0.14,359.68,9.107e-05,130.1,-32.5,-33.9,7.0,1.4,-0.0,0.00010327337999999998
774,47.47,-0.14,359.68,9.235e-05,130.1,-33.1,-33.7,7.4,3.9,0.3,0.00010527899999999998
775,47.37,-0.14,359.68,9.366e-05,130.1,-33.6,-34.8,7.8,4.9,0.4,0.00010733435999999998
776,47.27,-0.14,359.68,9.498e-05,130.1,-34.2,-34.4,8.1,5.4,0.5,0.00010837218
777,47.17,-0.14,359.68,9.632e-05,130.1,-34.7,-36.5,8.5,5.6,0.5,0.00010903423999999999
778,47.07,-0.14,359.68,9.768e-05,130.1,-35.2,-34.9,8.8,5.4,0.3,0.00011076911999999999
779,46.97,-0.14,359.68,9.906e-05,130.1,-35.8,-35.9,9.2,6.5,0.5,0.00011223498000000001
780,46.87,-0.14,359.68,0.0001005,130.1,-36.3,-36.0,9.5,5.8,0.4,0.0001132635
781,46.77,-0.14,359.68,0.0001019,130.1,-36.8,-35.1,9.9,6.2,0.6,0.00011575839999999999
782,46.67,-0.14,359.68,0.0001033,130.1,-37.4,-34.9,10.3,8.0,0.5,0.0001179686
783,46.57,-0.14,359.68,0.0001048,130.1,-37.9,-35.7,10.6,7.2,0.8,0.0001201008
784,46.47,-0.14,359.68,0.0001063,130.0,-38.5,-37.1,11.0,8.3,1.0,0.00012415839999999997
785,46.37,-0.14,359.68,0.0001078,130.0,-39.0,-38.7,11.3,8.3,0.6,0.00012397
786,46.27,-0.14,359.68,0.0001093,130.0,-39.5,-39.0,11.7,7.9,0.9,0.0001248206
787,46.17,-0.14,359.68,0.0001108,130.0,-40.1,-38.6,12.0,9.1,1.1,0.0001280848
788,46.07,-0.14,359.68,0.0001124,130.0,-40.6,-38.5,12.4,8.5,1.0,0.00012993439999999998
789,45.97,-0.14,359.68,0.000114,130.0,-41.1,-38.6,12.8,9.0,1.1,0.000131898
790,45.87,-0.14,359.68,0.0001156,130.0,-41.7,-40.9,13.1,10.3,1.5,0.00013224639999999998
791,45.77,-0.14,359.68,0.0001172,130.0,-42.2,-42.9,13.5,11.7,1.3,0.00013337359999999999
792,45.67,-0.14,359.68,0.0001189,130.0,-42.8,-42.2,13.8,11.4,1.7,0.0001347137
793,45.57,-0.14,359.68,0.0001206,130.0,-43.3,-42.0,14.2,9.1,1.6,0.00013579559999999998
794,45.47,-0.14,359.68,0.0001223,130.0,-43.8,-42.9,14.5,8.4,1.6,0.0001362422
795,45.37,-0.14,359.68,0.000124,130.0,-44.4,-43.2,14.9,9.1,1.7,0.000139004
796,45.27,-0.14,359.68,0.0001257,130.0,-44.9,-45.4,15.2,10.8,1.4,0.0001405326
797,45.17,-0.14,359.68,0.0001275,130.0,-45.4,-47.6,15.6,10.7,1.7,0.00013923
798,45.07,-0.14,359.68,0.0001293,130.0,-46.0,-49.2,16.0,10.5,1.8,0.0001411956
799,44.97,-0.14,359.68,0.0001311,130.0,-46.4,-48.6,16.2,10.3,1.6,0.0001406703
800,44.87,-0.14,359.68,0.0001328,130.2,-46.6,-48.1,16.2,9.3,2.1,0.0001410336
801,44.77,-0.14,359.68,0.0001345,130.4,-46.7,-47.8,16.2,10.1,2.3,0.000141763
802,44.67,-0.14,359.68,0.0001362,130.5,-46.9,-49.2,16.2,10.4,1.9,0.0001439634
803,44.57,-0.14,359.68,0.0001379,130.7,-47.0,-50.0,16.3,9.2,2.0,0.0001439676
804,44.47,-0.14,359.68,0.0001397,130.8,-47.2,-48.7,16.3,10.2,1.7,0.000142494
805,44.37,-0.14,359.68,0.0001415,131.0,-47.4,-48.2,16.3,11.2,1.4,0.0001470185
806,44.27,-0.14,359.68,0.0001433,131.2,-47.5,-48.7,16.3,9.5,1.2,0.00014745569999999997
807,44.17,-0.14,359.68,0.0001451,131.3,-47.7,-49.8,16.3,10.3,1.1,0.00015061380000000002
808,44.07,-0.14,359.69,0.000147,131.5,-47.8,-49.8,16.3,10.4,1.1,0.000150822
809,43.97,-0.14,359.69,0.0001489,131.6,-48.0,-49.5,16.3,10.5,1.1,0.00015113349999999997
810,43.87,-0.14,359.69,0.0001508,131.8,-48.2,-50.5,16.4,11.7,1.1,0.0001512524
811,43.77,-0.14,359.69,0.0001527,132.0,-48.3,-49.9,16.4,11.7,1.1,0.00015315809999999998
812,43.67,-0.14,359.69,0.0001547,132.1,-48.5,-51.4,16.4,11.7,1.5,0.00015671109999999998
813,43.57,-0.14,359.69,0.0001566,132.3,-48.6,-50.0,16.4,10.6,1.4,0.0001562868
814,43.47,-0.14,359.69,0.0001587,132.4,-48.8,-48.4,16.4,9.9,1.4,0.0001590174
815,43.37,-0.14,359.69,0.0001607,132.6,-49.0,-49.0,16.4,9.6,1.6,0.00016230700000000002
816,43.27,-0.14,359.69,0.0001628,132.8,-49.1,-50.1,16.4,8.8,1.7,0.0001634512
817,43.17,-0.14,359.69,0.0001648,132.9,-49.3,-49.8,16.5,9.6,1.6,0.00016891999999999998
818,43.07,-0.14,359.69,0.000167,133.1,-49.4,-50.6,16.5,8.9,1.6,0.000174348
819,42.97,-0.14,359.69,0.0001691,133.2,-49.6,-50.6,16.5,8.9,1.3,0.000177555
820,42.87,-0.14,359.69,0.0001713,133.4,-49.8,-51.1,16.5,10.8,1.2,0.00017798069999999997
821,42.77,-0.14,359.69,0.0001735,133.6,-49.9,-51.7,16.5,11.9,1.4,0.000179746
822,42.67,-0.14,359.69,0.0001757,133.7,-50.1,-51.4,16.5,13.4,1.4,0.0001848364
823,42.57,-0.14,359.69,0.0001779,133.9,-50.2,-52.8,16.5,12.7,1.6,0.00018626129999999998
824,42.47,-0.14,359.69,0.0001802,134.0,-50.4,-54.8,16.5,12.3,1.6,0.00019155259999999999
825,42.37,-0.14,359.69,0.0001825,134.2,-50.6,-55.1,16.6,11.2,1.8,0.00019363249999999999
826,42.27,-0.14,359.69,0.0001849,134.4,-50.7,-53.0,16.6,12.4,1.7,0.0001945148
827,42.17,-0.14,359.69,0.0001872,134.5,-50.9,-52.3,16.6,12.6,1.6,0.000197496
828,42.07,-0.14,359.69,0.0001897,134.7,-51.1,-51.3,16.6,14.6,1.9,0.0001997541
829,41.97,-0.14,359.69,0.0001921,134.8,-51.2,-51.5,16.6,15.5,2.0,0.0002042023
830,41.87,-0.14,359.69,0.0001946,135.0,-51.4,-51.4,16.6,15.8,2.2,0.0002078328
831,41.77,-0.14,359.69,0.0001971,135.2,-51.5,-53.6,16.6,16.2,2.3,0.00021010860000000002
832,41.67,-0.14,359.69,0.0001996,135.3,-51.7,-53.4,16.7,16.3,2.3,0.00021437040000000002
833,41.57,-0.14,359.69,0.0002021,135.5,-51.9,-54.5,16.7,18.2,2.2,0.00021543860000000002
834,41.47,-0.14,359.69,0.0002047,135.6,-52.0,-53.3,16.7,18.8,2.3,0.0002178008
835,41.37,-0.14,359.69,0.0002074,135.8,-52.2,-53.4,16.7,18.3,2.3,0.000222955
836,41.27,-0.14,359.69,0.00021,136.0,-52.3,-52.4,16.7,19.7,2.7,0.00022659
837,41.17,-0.14,359.69,0.0002127,136.1,-52.5,-52.8,16.7,20.6,2.6,0.00023120489999999997
838,41.07,-0.14,359.69,0.0002155,136.3,-52.7,-51.5,16.7,20.2,2.6,0.00023274000000000002
839,40.97,-0.14,359.69,0.0002182,136.4,-52.8,-50.2,16.8,17.9,2.7,0.0002330376
840,40.87,-0.14,359.69,0.000221,136.6,-53.0,-49.4,16.8,18.1,2.5,0.000235365
841,40.77,-0.14,359.69,0.0002239,136.8,-53.1,-50.7,16.8,19.2,2.4,0.0002389013
842,40.67,-0.14,359.69,0.0002268,136.9,-53.3,-52.1,16.8,18.7,2.4,0.0002397276
843,40.57,-0.14,359.69,0.0002297,137.1,-53.5,-51.4,16.8,18.9,2.5,0.00024325229999999997
844,40.47,-0.14,359.69,0.0002326,137.3,-53.6,-51.2,16.8,18.8,2.3,0.00024306699999999997
845,40.37,-0.14,359.69,0.0002356,137.4,-53.8,-51.5,16.8,18.9,2.5,0.0002469088
846,40.27,-0.14,359.69,0.0002387,137.6,-53.9,-52.9,16.8,19.8,2.4,0.0002508737
847,40.17,-0.14,359.69,0.0002417,137.7,-54.1,-52.1,16.9,19.6,2.6,0.000256202
848,40.07,-0.14,359.69,0.0002448,137.9,-54.3,-53.0,16.9,19.2,2.6,0.00026120159999999996
849,39.97,-0.14,359.69,0.0002479,138.1,-54.4,-53.3,16.8,19.7,2.4,0.000262774
850,39.87,-0.14,359.69,0.0002507,138.4,-54.3,-52.2,16.6,20.1,2.2,0.0002652406
851,39.77,-0.14,359.69,0.0002535,138.6,-54.3,-52.7,16.3,20.9,2.5,0.00027099149999999995
852,39.67,-0.14,359.69,0.0002564,138.9,-54.2,-51.7,16.1,21.4,2.7,0.0002779376
853,39.57,-0.14,359.69,0.0002593,139.2,-54.2,-52.4,15.8,19.8,2.9,0.0002839335
854,39.47,-0.14,359.69,0.0002622,139.5,-54.2,-51.4,15.6,18.8,3.0,0.0002889444
855,39.37,-0.14,359.69,0.0002652,139.8,-54.1,-50.7,15.4,19.0,2.9,0.0002951676
856,39.27,-0.14,359.69,0.0002682,140.0,-54.1,-51.2,15.1,18.8,2.9,0.0002960928
857,39.17,-0.14,359.69,0.0002713,140.3,-54.0,-49.8,14.9,18.4,2.6,0.0003022282
858,39.07,-0.14,359.69,0.0002743,140.6,-54.0,-51.1,14.6,18.8,2.8,0.0003052959
859,38.97,-0.14,359.69,0.0002774,140.9,-53.9,-52.1,14.4,18.5,2.7,0.00030791400000000006
860,38.87,-0.14,359.69,0.0002806,141.2,-53.9,-52.8,14.2,19.0,2.7,0.0003120272
861,38.77,-0.14,359.69,0.0002838,141.4,-53.9,-53.0,13.9,19.9,2.7,0.00031558560000000005
862,38.67,-0.14,359.69,0.000287,141.7,-53.8,-53.6,13.7,20.5,2.4,0.000319144
863,38.57,-0.14,359.69,0.0002903,142.0,-53.8,-51.8,13.5,20.3,2.2,0.0003225233
864,38.47,-0.14,359.69,0.0002936,142.3,-53.7,-51.7,13.2,18.4,2.2,0.00032296
865,38.37,-0.14,359.69,0.0002969,142.6,-53.7,-51.8,13.0,18.5,2.2,0.0003218396
866,38.27,-0.14,359.69,0.0003003,142.8,-53.7,-51.5,12.7,18.6,1.9,0.00032162129999999996
867,38.17,-0.14,359.69,0.0003037,143.1,-53.6,-50.4,12.5,18.9,1.9,0.00032556640000000003
868,38.07,-0.14,359.69,0.0003072,143.4,-53.6,-51.5,12.3,17.9,1.8,0.000331776
869,37.97,-0.14,359.69,0.0003107,143.7,-53.5,-51.5,12.0,17.6,1.9,0.0003371095
870,37.87,-0.14,359.69,0.0003142,144.0,-53.5,-50.4,11.8,16.5,2.0,0.00033870760000000004
871,37.77,-0.14,359.69,0.0003178,144.2,-53.5,-51.4,11.5,16.8,2.0,0.00033750360000000005
872,37.67,-0.14,359.69,0.0003214,144.5,-53.4,-50.6,11.3,16.6,1.7,0.000340684
873,37.57,-0.14,359.69,0.0003251,144.8,-53.4,-50.1,11.1,16.1,1.6,0.0003387542
874,37.47,-0.14,359.69,0.0003288,145.1,-53.3,-49.9,10.8,16.3,1.8,0.0003406368
875,37.37,-0.14,359.69,0.0003326,145.3,-53.3,-50.1,10.6,14.3,1.8,0.000345904
876,37.27,-0.14,359.69,0.0003364,145.6,-53.3,-49.0,10.3,14.3,2.1,0.00035355639999999996
877,37.17,-0.14,359.69,0.0003402,145.9,-53.2,-50.1,10.1,14.4,1.9,0.00035686979999999995
878,37.07,-0.14,359.69,0.0003441,146.2,-53.2,-49.5,9.9,12.4,1.7,0.00035717580000000005
879,36.97,-0.14,359.69,0.000348,146.5,-53.1,-50.2,9.6,11.6,1.7,0.000364356
880,36.87,-0.14,359.69,0.000352,146.7,-53.1,-50.2,9.4,11.4,1.9,0.000366784
881,36.77,-0.14,359.69,0.0003561,147.0,-53.1,-51.5,9.1,10.9,2.1,0.0003696318
882,36.67,-0.14,359.69,0.0003601,147.3,-53.0,-51.2,8.9,9.2,2.4,0.00037162320000000003
883,36.57,-0.14,359.69,0.0003643,147.6,-53.0,-52.0,8.7,10.2,2.0,0.00037814340000000003
884,36.47,-0.14,359.69,0.0003684,147.9,-52.9,-53.1,8.4,10.1,2.2,0.0003860832
885,36.37,-0.14,359.69,0.0003726,148.1,-52.9,-52.3,8.2,8.3,2.2,0.0003927204
886,36.27,-0.14,359.69,0.0003769,148.4,-52.8,-52.6,7.9,7.2,2.4,0.0003934836
887,36.17,-0.14,359.69,0.0003812,148.7,-52.8,-52.2,7.7,7.1,2.0,0.0003968292
888,36.07,-0.14,359.69,0.0003856,149.0,-52.8,-53.2,7.5,8.5,2.1,0.00039678239999999996
889,35.97,-0.14,359.69,0.00039,149.3,-52.7,-52.6,7.2,9.0,1.9,0.00040326
890,35.87,-0.14,359.69,0.0003945,149.5,-52.7,-53.2,7.0,7.6,1.9,0.00041304149999999996
891,35.77,-0.14,359.69,0.000399,149.8,-52.6,-52.2,6.7,7.7,2.1,0.000414162
892,35.67,-0.14,359.69,0.0004036,150.1,-52.6,-52.4,6.5,6.9,2.2,0.0004165152
893,35.57,-0.14,359.69,0.0004083,150.4,-52.6,-53.3,6.3,6.7,1.9,0.0004189158
894,35.47,-0.14,359.69,0.0004129,150.7,-52.5,-53.2,6.0,6.3,1.9,0.000425287
895,35.37,-0.14,359.69,0.0004177,150.9,-52.5,-53.6,5.8,5.6,2.1,0.00042730709999999996
896,35.27,-0.14,359.69,0.0004225,151.2,-52.4,-52.7,5.5,5.9,2.2,0.0004322175
897,35.17,-0.14,359.69,0.0004273,151.5,-52.4,-53.3,5.3,6.3,2.0,0.0004371278999999999
898,35.07,-0.14,359.69,0.0004323,151.8,-52.4,-52.1,5.1,7.0,2.1,0.00043619069999999995
899,34.97,-0.14,359.7,0.0004372,152.0,-52.3,-51.8,4.9,7.5,1.8,0.0004411348
900,34.87,-0.14,359.7,0.0004419,152.2,-52.0,-51.8,4.8,8.3,1.6,0.0004472028
901,34.77,-0.14,359.7,0.0004468,152.5,-51.7,-51.4,4.7,9.1,1.7,0.0004521616
902,34.67,-0.14,359.7,0.0004517,152.7,-51.5,-52.2,4.6,8.1,1.5,0.0004539584999999999
903,34.57,-0.14,359.7,0.0004566,152.9,-51.2,-51.8,4.5,10.9,1.5,0.00045386039999999997
904,34.47,-0.14,359.7,0.0004616,153.1,-51.0,-51.5,4.5,11.9,1.4,0.0004555992
905,34.37,-0.14,359.7,0.0004667,153.3,-50.7,-50.4,4.4,11.9,1.5,0.0004587661
906,34.27,-0.14,359.7,0.0004718,153.5,-50.4,-50.2,4.3,10.0,1.5,0.00045906139999999995
907,34.17,-0.14,359.7,0.0004769,153.7,-50.2,-49.4,4.2,10.0,1.2,0.00046354679999999996
908,34.07,-0.14,359.7,0.0004822,153.9,-49.9,-48.9,4.1,10.4,1.1,0.0004643586
909,33.97,-0.14,359.7,0.0004874,154.1,-49.7,-47.8,4.0,9.0,1.2,0.0004737528
910,33.87,-0.14,359.7,0.0004928,154.4,-49.4,-46.2,3.9,8.9,1.2,0.0004765376
911,33.77,-0.14,359.7,0.0004982,154.6,-49.1,-45.8,3.9,8.3,1.4,0.00048375219999999996
912,33.67,-0.14,359.7,0.0005036,154.8,-48.9,-45.5,3.8,9.1,1.4,0.000493528
913,33.57,-0.14,359.7,0.0005092,155.0,-48.6,-45.2,3.7,9.1,1.5,0.0004949424
914,33.47,-0.14,359.7,0.0005147,155.2,-48.4,-44.8,3.6,9.6,1.6,0.0005033766
915,33.37,-0.14,359.7,0.0005204,155.4,-48.1,-43.5,3.5,9.3,1.4,0.0005047879999999999
916,33.27,-0.14,359.7,0.0005261,155.6,-47.8,-43.0,3.4,9.1,1.2,0.000510317
917,33.17,-0.14,359.7,0.0005319,155.8,-47.6,-43.7,3.4,9.0,1.1,0.0005159429999999999
918,33.07,-0.14,359.7,0.0005377,156.1,-47.3,-45.6,3.3,9.1,1.2,0.0005296345
919,32.97,-0.14,359.7,0.0005436,156.3,-47.1,-45.9,3.2,8.8,1.1,0.0005359895999999999
920,32.87,-0.14,359.7,0.0005496,156.5,-46.8,-44.5,3.1,10.1,1.1,0.0005496
921,32.77,-0.14,359.7,0.0005556,156.7,-46.6,-45.4,3.0,10.3,1.4,0.0005556
922,32.67,-0.14,359.7,0.0005617,156.9,-46.3,-44.6,2.9,9.5,1.4,0.0005628234000000001
923,32.57,-0.14,359.7,0.0005679,157.1,-46.0,-45.0,2.9,10.8,1.6,0.0005696036999999999
924,32.47,-0.14,359.7,0.0005741,157.3,-45.8,-45.0,2.8,11.3,1.9,0.0005746741
925,32.37,-0.14,359.7,0.0005804,157.5,-45.5,-44.6,2.7,11.4,1.9,0.0005821412
926,32.27,-0.14,359.7,0.0005868,157.8,-45.3,-45.0,2.6,11.6,1.6,0.0005879736
927,32.17,-0.14,359.7,0.0005932,158.0,-45.0,-44.7,2.5,12.3,1.5,0.000590234
928,32.07,-0.14,359.7,0.0005997,158.2,-44.7,-43.5,2.4,12.9,1.4,0.0006002996999999999
929,31.97,-0.14,359.7,0.0006063,158.4,-44.5,-43.5,2.3,13.0,1.5,0.0006117567
930,31.87,-0.14,359.7,0.000613,158.6,-44.2,-42.7,2.3,13.1,1.3,0.0006191300000000001
931,31.77,-0.14,359.7,0.0006197,158.8,-44.0,-43.1,2.2,15.3,1.0,0.0006327136999999999
932,31.67,-0.14,359.7,0.0006266,159.0,-43.7,-43.2,2.1,16.0,0.9,0.000639132
933,31.57,-0.14,359.7,0.0006334,159.2,-43.4,-42.5,2.0,16.1,0.9,0.0006568358
934,31.47,-0.14,359.7,0.0006404,159.5,-43.2,-42.1,1.9,15.2,0.4,0.0006640947999999999
935,31.37,-0.14,359.7,0.0006475,159.7,-42.9,-42.0,1.8,14.2,0.2,0.0006636874999999999
936,31.27,-0.14,359.7,0.0006546,159.9,-42.7,-41.4,1.8,13.0,0.4,0.0006663828
937,31.17,-0.14,359.7,0.0006618,160.1,-42.4,-41.5,1.7,13.5,0.3,0.0006723888000000001
938,31.07,-0.14,359.7,0.0006691,160.3,-42.2,-41.1,1.6,13.3,0.3,0.0006791364999999998
939,30.97,-0.14,359.7,0.0006764,160.5,-41.9,-41.0,1.5,12.6,0.3,0.0006906043999999999
940,30.87,-0.14,359.7,0.0006839,160.7,-41.6,-40.6,1.4,13.7,0.1,0.0006845838999999999
941,30.77,-0.14,359.7,0.0006914,160.9,-41.4,-41.4,1.3,13.4,-0.1,0.000698314
942,30.67,-0.14,359.7,0.000699,161.1,-41.1,-41.4,1.3,12.7,-0.3,0.0007080869999999999
943,30.57,-0.14,359.7,0.0007067,161.4,-40.9,-40.3,1.2,10.8,-0.2,0.0007116468999999999
944,30.47,-0.14,359.7,0.0007145,161.6,-40.6,-40.0,1.1,10.7,-0.3,0.0007166434999999998
945,30.37,-0.14,359.7,0.0007224,161.8,-40.3,-39.9,1.0,9.3,-0.2,0.0007238448
946,30.27,-0.14,359.7,0.0007304,162.0,-40.1,-40.5,0.9,8.1,-0.2,0.0007260176
947,30.17,-0.14,359.7,0.0007384,162.2,-39.8,-40.3,0.8,6.3,-0.2,0.0007376615999999999
948,30.07,-0.14,359.7,0.0007466,162.4,-39.6,-39.7,0.7,7.0,-0.1,0.0007510796000000001
949,29.97,-0.14,359.7,0.0007546,162.6,-39.3,-40.0,0.7,6.6,-0.1,0.0007568637999999999
950,29.87,-0.14,359.7,0.0007622,162.8,-39.2,-41.4,0.6,8.0,-0.2,0.0007553402
951,29.77,-0.14,359.7,0.0007699,163.1,-39.1,-41.5,0.5,7.7,-0.1,0.0007691301000000001
952,29.67,-0.14,359.7,0.0007776,163.3,-39.0,-41.1,0.4,8.3,0.0,0.0007737120000000001
953,29.57,-0.14,359.7,0.0007855,163.5,-38.8,-41.7,0.3,9.0,0.1,0.0007768594999999999
954,29.47,-0.14,359.7,0.0007934,163.7,-38.7,-42.2,0.2,8.6,-0.1,0.0007791187999999999
955,29.37,-0.14,359.7,0.0008014,163.9,-38.6,-40.1,0.1,8.2,-0.4,0.0007813649999999999
956,29.27,-0.14,359.7,0.0008095,164.1,-38.4,-39.7,-0.0,9.3,-0.5,0.0007941195
957,29.17,-0.14,359.7,0.0008177,164.3,-38.3,-39.0,-0.1,9.2,-0.4,0.0007988928999999999
958,29.07,-0.14,359.7,0.0008259,164.6,-38.2,-38.8,-0.2,9.0,-0.2,0.0008044265999999999
959,28.97,-0.14,359.7,0.0008343,164.8,-38.0,-37.8,-0.3,8.2,-0.5,0.0008242884
960,28.87,-0.14,359.7,0.0008427,165.0,-37.9,-38.0,-0.4,7.6,-0.4,0.0008317449
961,28.77,-0.14,359.7,0.0008512,165.2,-37.8,-39.0,-0.5,7.4,-0.6,0.0008443904
962,28.67,-0.14,359.7,0.0008598,165.4,-37.6,-39.3,-0.6,7.6,-0.7,0.0008494824
963,28.57,-0.14,359.7,0.0008685,165.6,-37.5,-38.8,-0.7,8.5,-0.3,0.000854604
964,28.47,-0.14,359.7,0.0008773,165.8,-37.4,-38.2,-0.8,8.7,-0.1,0.0008658951
965,28.37,-0.14,359.7,0.0008861,166.1,-37.2,-39.0,-0.9,10.1,-0.5,0.0008869860999999999
966,28.27,-0.14,359.7,0.0008951,166.3,-37.1,-39.3,-1.0,11.0,-0.9,0.0008843588
967,28.17,-0.14,359.7,0.0009041,166.5,-37.0,-40.1,-1.1,9.1,-1.2,0.000886018
968,28.07,-0.14,359.7,0.0009133,166.7,-36.8,-39.5,-1.2,9.0,-1.1,0.0008977739
969,27.97,-0.14,359.7,0.0009225,166.9,-36.7,-40.2,-1.3,7.4,-1.1,0.0009123525
970,27.87,-0.14,359.7,0.0009318,167.1,-36.6,-40.0,-1.4,7.8,-0.7,0.000922482
971,27.77,-0.14,359.7,0.0009413,167.3,-36.4,-39.1,-1.5,8.0,-0.7,0.0009356522
972,27.67,-0.14,359.7,0.0009508,167.5,-36.3,-39.9,-1.6,6.5,-0.5,0.0009422428
973,27.57,-0.14,359.7,0.0009604,167.8,-36.2,-39.6,-1.7,7.0,-0.5,0.0009507960000000001
974,27.47,-0.14,359.7,0.0009702,168.0,-36.1,-39.4,-1.8,5.4,-0.4,0.0009624384
975,27.37,-0.14,359.7,0.00098,168.2,-35.9,-37.9,-1.8,4.2,-0.4,0.00096824
976,27.27,-0.14,359.7,0.0009899,168.4,-35.8,-38.0,-1.9,3.9,-0.1,0.0009800009999999999
977,27.17,-0.14,359.7,0.0009999,168.6,-35.7,-38.1,-2.0,3.8,-0.0,0.0009919008
978,27.07,-0.14,359.7,0.00101,168.8,-35.5,-36.9,-2.1,3.2,-0.0,0.0010190899999999998
979,26.97,-0.14,359.7,0.00102,169.0,-35.4,-38.0,-2.2,1.7,-0.3,0.00103326
980,26.87,-0.14,359.7,0.001031,169.3,-35.3,-37.2,-2.3,1.6,-0.3,0.001042341
981,26.77,-0.14,359.7,0.001041,169.5,-35.1,-36.6,-2.4,2.0,-0.1,0.001052451
982,26.67,-0.14,359.7,0.001052,169.7,-35.0,-36.7,-2.5,2.6,0.4,0.001077248
983,26.57,-0.14,359.7,0.001062,169.9,-34.9,-36.7,-2.6,2.9,0.6,0.0010843019999999999
984,26.47,-0.14,359.7,0.001073,170.1,-34.7,-36.2,-2.7,2.6,0.8,0.001100898
985,26.37,-0.14,359.7,0.001084,170.3,-34.6,-35.7,-2.8,1.4,0.6,0.001120856
986,26.27,-0.14,359.7,0.001095,170.5,-34.5,-37.4,-2.9,1.5,0.5,0.0011409900000000001
987,26.17,-0.14,359.7,0.001106,170.8,-34.3,-38.3,-3.0,2.2,0.4,0.001159088
988,26.07,-0.14,359.7,0.001117,171.0,-34.2,-38.8,-3.1,0.1,0.3,0.0011661479999999999
989,25.97,-0.14,359.7,0.001129,171.2,-34.1,-38.8,-3.2,0.3,0.3,0.0011910949999999999
990,25.87,-0.14,359.71,0.00114,171.4,-33.9,-37.5,-3.3,-0.1,0.3,0.0012027
991,25.77,-0.14,359.71,0.001152,171.6,-33.8,-37.7,-3.4,-0.0,0.4,0.001208448
992,25.67,-0.14,359.71,0.001163,171.8,-33.7,-37.1,-3.5,-0.1,0.4,0.0012199869999999999
993,25.57,-0.14,359.71,0.001175,172.0,-33.5,-35.9,-3.6,-1.3,0.1,0.001220825
994,25.47,-0.14,359.71,0.001187,172.3,-33.4,-36.0,-3.7,-1.2,0.0,0.001232106
995,25.37,-0.14,359.71,0.001199,172.5,-33.3,-36.5,-3.8,-1.3,-0.0,0.001239766
996,25.27,-0.14,359.71,0.001211,172.7,-33.2,-35.6,-3.9,-0.6,0.1,0.0012545960000000002
997,25.17,-0.14,359.71,0.001224,172.9,-33.0,-36.2,-4.0,-0.7,0.1,0.0012607200000000001
998,25.07,-0.14,359.71,0.001236,173.1,-32.9,-35.7,-4.1,-1.0,0.3,0.0012644279999999997
999,24.97,-0.14,359.71,0.001249,173.3,-32.7,-34.5,-4.1,-1.3,0.5,0.0012777269999999998
1000,24.87,-0.14,359.71,0.001261,173.5,-32.5,-34.4,-4.2,-2.9,0.3,0.0012874809999999998
1001,24.77,-0.14,359.71,0.001274,173.7,-32.3,-33.3,-4.2,-2.1,0.2,0.0012931099999999999
1002,24.67,-0.14,359.71,0.001286,173.9,-32.0,-33.0,-4.3,-0.6,0.3,0.001306576
1003,24.57,-0.14,359.71,0.001299,174.1,-31.8,-33.6,-4.3,-0.4,0.3,0.001310691
1004,24.47,-0.14,359.71,0.001312,174.2,-31.6,-33.0,-4.4,-0.3,0.5,0.001317248
1005,24.37,-0.14,359.71,0.001325,174.4,-31.3,-32.6,-4.4,-0.9,0.4,0.0013356
1006,24.27,-0.14,359.71,0.001338,174.6,-31.1,-32.3,-4.4,-1.8,0.8,0.0013473659999999998
1007,24.17,-0.14,359.71,0.001352,174.8,-30.9,-32.0,-4.5,-2.0,0.6,0.0013533519999999997
1008,24.07,-0.14,359.71,0.001365,175.0,-30.6,-31.5,-4.5,-1.7,0.7,0.001360905
1009,23.97,-0.14,359.71,0.001379,175.2,-30.4,-32.0,-4.6,-0.4,0.9,0.001369347
1010,23.87,-0.14,359.71,0.001393,175.4,-30.2,-31.3,-4.6,0.6,1.0,0.0013818559999999999
1011,23.77,-0.14,359.71,0.001407,175.5,-29.9,-31.8,-4.6,1.1,0.9,0.0014013720000000001
1012,23.67,-0.14,359.71,0.001421,175.7,-29.7,-32.4,-4.7,1.6,0.9,0.001412474
1013,23.57,-0.14,359.71,0.001435,175.9,-29.5,-31.6,-4.7,2.0,0.9,0.0014235200000000002
1014,23.47,-0.14,359.71,0.001449,176.1,-29.2,-31.9,-4.8,1.7,1.0,0.001447551
1015,23.37,-0.14,359.71,0.001464,176.3,-29.0,-31.0,-4.8,1.6,1.0,0.0014742479999999998
1016,23.27,-0.14,359.71,0.001478,176.5,-28.8,-30.9,-4.9,1.5,0.8,0.0015031259999999998
1017,23.17,-0.14,359.71,0.001493,176.7,-28.5,-30.3,-4.9,0.8,0.8,0.0015273389999999997
1018,23.07,-0.14,359.71,0.001508,176.8,-28.3,-30.4,-4.9,-0.3,0.8,0.001541176
1019,22.97,-0.14,359.71,0.001523,177.0,-28.1,-29.0,-5.0,-0.8,0.7,0.001545845
1020,22.87,-0.14,359.71,0.001539,177.2,-27.8,-28.0,-5.0,-0.2,0.8,0.0015605460000000001
1021,22.77,-0.14,359.71,0.001554,177.4,-27.6,-26.9,-5.1,-0.4,1.0,0.001566432
1022,22.67,-0.14,359.71,0.00157,177.6,-27.4,-26.5,-5.1,-0.7,0.8,0.00157
1023,22.57,-0.14,359.71,0.001585,177.8,-27.1,-27.1,-5.1,-0.0,0.9,0.0015897549999999998
1024,22.47,-0.14,359.71,0.001601,178.0,-26.9,-26.7,-5.2,0.6,1.2,0.0016090049999999997
1025,22.37,-0.14,359.71,0.001617,178.1,-26.7,-25.7,-5.2,1.4,0.9,0.0016234679999999999
1026,22.27,-0.14,359.71,0.001633,178.3,-26.4,-25.0,-5.3,1.0,0.8,0.0016378989999999997
1027,22.17,-0.14,359.71,0.00165,178.5,-26.2,-24.4,-5.3,0.6,0.7,0.0016582499999999998
1028,22.07,-0.14,359.71,0.001666,178.7,-26.0,-24.9,-5.4,0.5,1.0,0.0016776619999999997
1029,21.97,-0.14,359.71,0.001683,178.9,-25.7,-24.4,-5.4,0.3,1.2,0.001708245
1030,21.87,-0.14,359.71,0.0017,179.1,-25.5,-24.5,-5.4,0.3,1.1,0.0017322999999999998
1031,21.77,-0.14,359.71,0.001717,179.3,-25.3,-24.2,-5.5,0.9,1.1,0.0017393209999999998
1032,21.67,-0.14,359.71,0.001734,179.4,-25.0,-24.3,-5.5,1.0,0.9,0.00175134
1033,21.57,-0.14,359.71,0.001751,179.6,-24.8,-23.9,-5.6,0.6,1.0,0.0017772649999999999
1034,21.47,-0.14,359.71,0.001769,179.8,-24.6,-23.8,-5.6,0.7,1.1,0.0017919969999999998
1035,21.37,-0.14,359.71,0.001787,180.0,-24.3,-23.7,-5.6,0.5,1.3,0.00182274
1036,21.27,-0.14,359.71,0.001805,180.2,-24.1,-22.6,-5.7,1.4,1.4,0.00183388
1037,21.17,-0.14,359.71,0.001823,180.4,-23.9,-22.8,-5.7,1.5,1.2,0.0018539909999999997
1038,21.07,-0.14,359.71,0.001841,180.6,-23.6,-22.5,-5.8,1.3,1.1,0.0018686149999999997
1039,20.97,-0.14,359.71,0.001859,180.7,-23.4,-23.0,-5.8,0.7,1.0,0.001881308
1040,20.87,-0.14,359.71,0.001878,180.9,-23.2,-23.6,-5.8,0.4,1.2,0.0019080479999999999
1041,20.77,-0.14,359.71,0.001897,181.1,-22.9,-24.4,-5.9,0.8,0.9,0.001950116
1042,20.67,-0.14,359.71,0.001916,181.3,-22.7,-24.8,-5.9,0.0,0.7,0.001961984
1043,20.57,-0.14,359.71,0.001935,181.5,-22.5,-25.0,-6.0,-0.2,0.7,0.00198144
1044,20.47,-0.14,359.71,0.001955,181.7,-22.3,-24.7,-6.0,-0.3,0.6,0.001988235
1045,20.37,-0.14,359.71,0.001974,181.9,-22.0,-24.1,-6.1,-0.9,0.8,0.002005584
1046,20.27,-0.14,359.71,0.001994,182.0,-21.8,-23.4,-6.1,0.4,0.9,0.00202391
1047,20.17,-0.14,359.71,0.002014,182.2,-21.6,-23.7,-6.1,-0.2,0.7,0.002048238
1048,20.07,-0.14,359.71,0.002034,182.4,-21.3,-23.4,-6.2,-0.2,0.6,0.0020604419999999996
1049,19.97,-0.14,359.71,0.002054,182.6,-21.0,-23.0,-6.2,0.2,0.7,0.0020724859999999997
1050,19.87,-0.14,359.71,0.002074,182.8,-20.6,-22.0,-6.1,-0.2,0.4,0.0021009619999999996
1051,19.77,-0.14,359.71,0.002094,182.9,-20.1,-21.0,-6.1,-1.1,0.4,0.00211494
1052,19.67,-0.14,359.71,0.002114,183.1,-19.7,-20.7,-6.0,-1.2,0.3,0.0021414819999999997
1053,19.57,-0.14,359.71,0.002135,183.3,-19.2,-20.9,-5.9,-1.7,0.2,0.002162755
1054,19.47,-0.14,359.71,0.002156,183.5,-18.8,-19.8,-5.8,-2.3,0.1,0.0021840279999999998
1055,19.37,-0.14,359.71,0.002176,183.6,-18.3,-19.9,-5.8,-3.0,0.0,0.0021912319999999996
1056,19.27,-0.14,359.71,0.002197,183.8,-17.9,-19.6,-5.7,-2.4,-0.0,0.0022145760000000002
1057,19.17,-0.14,359.71,0.002219,184.0,-17.4,-19.7,-5.6,-2.3,-0.1,0.00224119
1058,19.07,-0.14,359.71,0.00224,184.2,-17.0,-20.4,-5.6,-2.7,-0.0,0.00224896
1059,18.97,-0.14,359.71,0.002262,184.3,-16.6,-20.3,-5.5,-4.2,-0.0,0.002268786
1060,18.87,-0.14,359.71,0.002284,184.5,-16.1,-20.9,-5.4,-3.6,0.2,0.002284
1061,18.77,-0.14,359.71,0.002306,184.7,-15.7,-20.7,-5.4,-4.6,0.2,0.0023313659999999996
1062,18.67,-0.14,359.71,0.002328,184.8,-15.2,-19.8,-5.3,-5.8,0.0,0.00233964
1063,18.57,-0.14,359.71,0.002351,185.0,-14.8,-20.1,-5.2,-5.4,0.1,0.0023698079999999997
1064,18.47,-0.14,359.71,0.002373,185.2,-14.3,-19.8,-5.2,-4.2,0.1,0.0023943569999999997
1065,18.37,-0.14,359.71,0.002396,185.4,-13.9,-18.4,-5.1,-4.7,0.1,0.002410376
1066,18.27,-0.14,359.71,0.002419,185.5,-13.4,-18.2,-5.0,-5.3,0.0,0.002426257
1067,18.17,-0.14,359.71,0.002443,185.7,-13.0,-17.8,-5.0,-5.3,-0.1,0.0024576579999999997
1068,18.07,-0.14,359.71,0.002467,185.9,-12.5,-17.0,-4.9,-5.6,-0.2,0.002462066
1069,17.97,-0.14,359.71,0.00249,186.0,-12.1,-16.1,-4.8,-5.4,-0.0,0.00248502
1070,17.87,-0.14,359.71,0.002514,186.2,-11.6,-15.8,-4.8,-5.0,-0.1,0.002503944
1071,17.77,-0.14,359.71,0.002539,186.4,-11.2,-15.0,-4.7,-4.6,0.1,0.002528844
1072,17.67,-0.14,359.71,0.002563,186.6,-10.8,-14.2,-4.6,-4.3,0.1,0.002545059
1073,17.57,-0.14,359.71,0.002588,186.7,-10.3,-13.8,-4.6,-5.2,0.0,0.002564708
1074,17.47,-0.14,359.71,0.002613,186.9,-9.9,-13.4,-4.5,-5.1,-0.1,0.0025947089999999997
1075,17.37,-0.14,359.71,0.002639,187.1,-9.4,-13.3,-4.4,-6.0,-0.1,0.002649556
1076,17.27,-0.14,359.71,0.002664,187.3,-9.0,-12.8,-4.3,-5.9,0.1,0.0026693280000000003
1077,17.17,-0.14,359.71,0.00269,187.4,-8.5,-12.1,-4.3,-5.9,0.1,0.0026953800000000003
1078,17.07,-0.14,359.71,0.002716,187.6,-8.1,-11.0,-4.2,-5.7,0.1,0.002716
1079,16.97,-0.14,359.71,0.002742,187.8,-7.6,-9.6,-4.1,-5.1,0.0,0.002725548
1080,16.87,-0.14,359.71,0.002769,187.9,-7.2,-8.7,-4.1,-4.8,0.2,0.0027523860000000003
1081,16.77,-0.14,359.72,0.002796,188.1,-6.7,-7.6,-4.0,-4.2,0.3,0.00276804
1082,16.67,-0.14,359.72,0.002823,188.3,-6.3,-6.0,-3.9,-4.6,0.5,0.002800416
1083,16.57,-0.14,359.72,0.00285,188.5,-5.8,-6.3,-3.9,-4.2,0.5,0.0028272
1084,16.47,-0.14,359.72,0.002878,188.6,-5.4,-5.0,-3.8,-3.6,0.4,0.002826196
1085,16.37,-0.14,359.72,0.002906,188.8,-4.9,-3.7,-3.7,-3.2,0.3,0.002839162
1086,16.27,-0.14,359.72,0.002934,189.0,-4.5,-4.1,-3.7,-3.2,0.3,0.0028665179999999998
1087,16.17,-0.14,359.72,0.002962,189.2,-4.1,-4.2,-3.6,-3.5,0.2,0.002884988
1088,16.07,-0.14,359.72,0.002991,189.3,-3.6,-3.5,-3.5,-3.3,0.2,0.002925198
1089,15.97,-0.14,359.72,0.00302,189.5,-3.2,-2.7,-3.5,-3.2,0.2,0.0029445
1090,15.87,-0.14,359.72,0.003049,189.7,-2.7,-2.0,-3.4,-3.5,0.2,0.002972775
1091,15.77,-0.14,359.72,0.003079,189.8,-2.3,-1.6,-3.3,-4.0,0.1,0.0030204990000000003
1092,15.67,-0.14,359.72,0.003109,190.0,-1.8,-2.0,-3.3,-3.8,0.2,0.003049929
1093,15.57,-0.14,359.72,0.003139,190.2,-1.4,-0.1,-3.2,-4.4,0.2,0.003063664
1094,15.47,-0.14,359.72,0.003169,190.4,-0.9,1.0,-3.1,-4.0,0.2,0.0030802679999999997
1095,15.37,-0.14,359.72,0.0032,190.5,-0.5,0.6,-3.0,-4.4,0.2,0.003104
1096,15.27,-0.14,359.72,0.003231,190.7,-0.0,2.4,-3.0,-5.3,0.3,0.003153456
1097,15.17,-0.14,359.72,0.003262,190.9,0.4,2.9,-2.9,-4.8,0.2,0.003190236
1098,15.07,-0.14,359.72,0.003294,191.1,0.9,4.2,-2.8,-3.8,-0.0,0.003224826
1099,14.97,-0.14,359.72,0.003325,191.2,1.2,5.5,-2.8,-4.1,-0.0,0.003261825
1100,14.87,-0.14,359.72,0.003356,191.4,1.4,5.8,-2.8,-4.6,-0.1,0.003292236
1101,14.77,-0.14,359.72,0.003386,191.6,1.6,5.4,-2.7,-5.3,-0.1,0.003345368
1102,14.67,-0.14,359.72,0.003417,191.8,1.9,5.2,-2.7,-5.9,-0.1,0.0033862469999999998
1103,14.57,-0.14,359.72,0.003449,192.0,2.1,5.6,-2.7,-6.9,-0.2,0.00341451
1104,14.47,-0.14,359.72,0.00348,192.2,2.3,6.0,-2.7,-6.0,-0.1,0.00346956
1105,14.37,-0.14,359.72,0.003512,192.4,2.5,7.1,-2.6,-6.0,-0.1,0.003497952
1106,14.27,-0.14,359.72,0.003544,192.5,2.7,7.1,-2.6,-5.3,-0.2,0.0035262799999999997
1107,14.17,-0.14,359.72,0.003576,192.7,2.9,7.1,-2.6,-6.0,-0.3,0.003554544
1108,14.07,-0.14,359.72,0.003609,192.9,3.1,7.8,-2.6,-6.8,-0.2,0.003601782
1109,13.97,-0.14,359.72,0.003642,193.1,3.3,8.6,-2.5,-6.1,-0.3,0.003627432
1110,13.87,-0.14,359.72,0.003675,193.3,3.5,8.6,-2.5,-6.7,-0.3,0.003649275
1111,13.77,-0.14,359.72,0.003709,193.5,3.7,8.9,-2.5,-6.0,-0.4,0.003679328
1112,13.67,-0.14,359.72,0.003743,193.7,3.9,8.4,-2.5,-5.9,-0.4,0.0037392569999999997
1113,13.57,-0.14,359.72,0.003777,193.9,4.2,7.7,-2.4,-6.2,-0.4,0.003750561
1114,13.47,-0.14,359.72,0.003811,194.0,4.4,7.1,-2.4,-6.2,-0.6,0.003784323
1115,13.37,-0.14,359.72,0.003846,194.2,4.6,8.1,-2.4,-6.5,-0.7,0.0038575379999999998
1116,13.27,-0.14,359.72,0.003882,194.4,4.8,7.8,-2.4,-6.0,-0.6,0.003874236
1117,13.17,-0.14,359.72,0.003917,194.6,5.0,7.9,-2.3,-5.8,-0.6,0.003917
1118,13.07,-0.14,359.72,0.003953,194.8,5.2,8.5,-2.3,-5.3,-0.6,0.0039688119999999995
1119,12.97,-0.14,359.72,0.003989,195.0,5.4,8.8,-2.3,-5.0,-0.5,0.004012934
1120,12.87,-0.14,359.72,0.004025,195.2,5.6,8.3,-2.3,-5.5,-0.4,0.0040572
1121,12.77,-0.14,359.72,0.004062,195.4,5.8,8.1,-2.3,-5.8,-0.5,0.0041148059999999995
1122,12.67,-0.14,359.72,0.0041,195.5,6.0,8.4,-2.2,-5.6,-0.7,0.0041738
1123,12.57,-0.14,359.72,0.004137,195.7,6.2,9.3,-2.2,-5.3,-0.7,0.004228014
1124,12.47,-0.14,359.72,0.004175,195.9,6.5,8.3,-2.2,-4.5,-0.7,0.0042585
1125,12.37,-0.14,359.72,0.004213,196.1,6.7,8.7,-2.2,-3.5,-0.9,0.0042804079999999994
1126,12.27,-0.14,359.72,0.004252,196.3,6.9,9.2,-2.1,-3.3,-1.1,0.004345544
1127,12.17,-0.14,359.72,0.004291,196.5,7.1,10.9,-2.1,-2.4,-1.0,0.004406856999999999
1128,12.07,-0.14,359.72,0.00433,196.7,7.3,11.9,-2.1,-1.9,-1.0,0.0044252599999999994
1129,11.97,-0.14,359.72,0.00437,196.9,7.5,12.4,-2.1,-2.1,-1.0,0.0044661399999999995
1130,11.87,-0.14,359.72,0.00441,197.0,7.7,12.5,-2.0,-1.5,-1.0,0.00450702
1131,11.77,-0.14,359.72,0.00445,197.2,7.9,12.9,-2.0,-1.3,-0.9,0.004543449999999999
1132,11.67,-0.14,359.72,0.004491,197.4,8.1,13.5,-2.0,-1.9,-0.8,0.004567346999999999
1133,11.57,-0.14,359.72,0.004532,197.6,8.3,14.1,-2.0,-2.1,-0.9,0.0046317039999999995
1134,11.47,-0.14,359.72,0.004573,197.8,8.6,13.7,-1.9,-2.3,-0.7,0.004659887
1135,11.37,-0.14,359.72,0.004615,198.0,8.8,14.4,-1.9,-2.6,-0.8,0.004665765
1136,11.27,-0.14,359.72,0.004658,198.2,9.0,14.8,-1.9,-3.5,-0.8,0.0047138959999999995
1137,11.17,-0.14,359.72,0.0047,198.4,9.2,15.2,-1.9,-3.6,-1.0,0.004765800000000001
1138,11.07,-0.14,359.72,0.004743,198.5,9.4,15.0,-1.8,-3.8,-0.9,0.004809402
1139,10.97,-0.14,359.72,0.004787,198.7,9.6,13.9,-1.8,-4.1,-0.8,0.004858804999999999
1140,10.87,-0.14,359.72,0.004831,198.9,9.8,14.1,-1.8,-3.6,-0.7,0.0048938029999999995
1141,10.77,-0.14,359.72,0.004875,199.1,10.0,13.7,-1.8,-3.3,-0.7,0.004938374999999999
1142,10.67,-0.14,359.72,0.00492,199.3,10.2,14.1,-1.7,-2.9,-0.5,0.00495936
1143,10.57,-0.14,359.72,0.004965,199.5,10.4,14.2,-1.7,-3.2,-0.5,0.00498486
1144,10.47,-0.14,359.72,0.00501,199.7,10.6,13.8,-1.7,-3.4,-0.5,0.00504507
1145,10.37,-0.14,359.72,0.005056,199.9,10.9,14.2,-1.7,-4.3,-0.6,0.005096448
1146,10.27,-0.14,359.72,0.005103,200.0,11.1,14.8,-1.6,-4.4,-0.4,0.005184648
1147,10.17,-0.14,359.72,0.005149,200.2,11.3,15.8,-1.6,-5.0,-0.4,0.0052159369999999995
1148,10.07,-0.14,359.72,0.005197,200.4,11.5,16.1,-1.6,-4.4,-0.4,0.005259364
1149,9.97,-0.14,359.72,0.005243,200.6,11.6,16.2,-1.6,-4.6,-0.3,0.005300673
1150,9.87,-0.14,359.72,0.005289,200.8,11.5,16.1,-1.5,-4.3,-0.0,0.005331312
1151,9.77,-0.14,359.72,0.005334,201.0,11.3,15.7,-1.4,-5.1,0.0,0.005376672
1152,9.67,-0.14,359.72,0.00538,201.2,11.2,15.8,-1.4,-4.9,0.0,0.00543918
1153,9.57,-0.14,359.72,0.005427,201.4,11.1,14.9,-1.3,-5.0,0.1,0.005524686000000001
1154,9.47,-0.14,359.72,0.005474,201.6,10.9,14.7,-1.3,-5.2,0.1,0.005588953999999999
1155,9.37,-0.14,359.72,0.005521,201.9,10.8,14.7,-1.2,-4.9,-0.0,0.005609336
1156,9.27,-0.14,359.72,0.005569,202.1,10.7,14.7,-1.2,-5.0,-0.1,0.005663672999999999
1157,9.17,-0.14,359.72,0.005617,202.3,10.6,14.3,-1.1,-5.5,-0.1,0.005701254999999999
1158,9.07,-0.14,359.72,0.005665,202.5,10.4,13.5,-1.1,-5.2,-0.0,0.0057783
1159,8.97,-0.14,359.72,0.005714,202.7,10.3,13.4,-1.0,-5.3,-0.1,0.005816852000000001
1160,8.87,-0.14,359.72,0.005764,202.9,10.2,13.3,-1.0,-5.8,-0.1,0.005861987999999999
1161,8.77,-0.14,359.72,0.005814,203.1,10.1,13.1,-0.9,-5.8,0.1,0.005924465999999999
1162,8.67,-0.14,359.72,0.005864,203.3,9.9,12.4,-0.9,-5.8,0.2,0.005934368000000001
1163,8.57,-0.14,359.72,0.005915,203.5,9.8,12.4,-0.8,-6.2,0.2,0.006003725
1164,8.47,-0.14,359.72,0.005966,203.7,9.7,12.9,-0.8,-5.9,-0.1,0.00602566
1165,8.37,-0.14,359.72,0.006017,203.9,9.5,12.9,-0.7,-5.8,-0.1,0.006101238
1166,8.27,-0.14,359.72,0.006069,204.1,9.4,13.1,-0.6,-5.4,-0.2,0.00619038
1167,8.17,-0.14,359.72,0.006122,204.3,9.3,12.4,-0.6,-5.1,-0.2,0.006201585999999999
1168,8.07,-0.14,359.72,0.006175,204.5,9.2,12.3,-0.5,-4.2,-0.4,0.0062244
1169,7.97,-0.14,359.72,0.006228,204.7,9.0,12.9,-0.5,-4.4,-0.4,0.006302736
1170,7.87,-0.14,359.72,0.006282,204.9,8.9,13.3,-0.4,-4.0,-0.4,0.00634482
1171,7.77,-0.14,359.72,0.006337,205.2,8.8,13.0,-0.4,-4.0,-0.5,0.006419380999999999
1172,7.67,-0.14,359.73,0.006392,205.4,8.7,13.1,-0.3,-4.4,-0.5,0.0064814880000000005
1173,7.57,-0.14,359.73,0.006447,205.6,8.5,12.3,-0.3,-5.1,-0.4,0.006530810999999999
1174,7.47,-0.14,359.73,0.006503,205.8,8.4,12.7,-0.2,-6.0,-0.4,0.0065940420000000005
1175,7.37,-0.14,359.73,0.006559,206.0,8.3,11.9,-0.2,-6.2,-0.5,0.00662459
1176,7.27,-0.14,359.73,0.006616,206.2,8.1,12.2,-0.1,-6.4,-0.4,0.006662312
1177,7.17,-0.14,359.73,0.006673,206.4,8.0,12.5,-0.1,-6.6,-0.4,0.006706365
1178,7.07,-0.14,359.73,0.006731,206.6,7.9,12.2,0.0,-6.5,-0.3,0.006757924
1179,6.97,-0.14,359.73,0.006789,206.8,7.8,11.5,0.1,-6.9,-0.3,0.006829734
1180,6.87,-0.14,359.73,0.006848,207.0,7.6,11.9,0.1,-5.8,-0.2,0.006895935999999999
1181,6.77,-0.14,359.73,0.006907,207.2,7.5,11.8,0.2,-5.6,-0.2,0.006934628
1182,6.67,-0.14,359.73,0.006967,207.4,7.4,11.9,0.2,-5.0,-0.2,0.006973966999999999
1183,6.57,-0.14,359.73,0.007028,207.6,7.2,11.1,0.3,-4.2,-0.3,0.007028
1184,6.47,-0.14,359.73,0.007089,207.8,7.1,11.3,0.3,-4.1,-0.4,0.007081911
1185,6.37,-0.14,359.73,0.00715,208.0,7.0,10.2,0.4,-3.3,-0.4,0.00715
1186,6.27,-0.14,359.73,0.007212,208.2,6.9,9.4,0.4,-3.3,-0.5,0.007197576
1187,6.17,-0.14,359.73,0.007275,208.5,6.7,9.4,0.5,-3.2,-0.6,0.0072095250000000005
1188,6.07,-0.14,359.73,0.007338,208.7,6.6,9.5,0.5,-2.6,-0.6,0.007264619999999999
1189,5.97,-0.14,359.73,0.007401,208.9,6.5,8.8,0.6,-2.6,-0.6,0.007341792
1190,5.87,-0.14,359.73,0.007466,209.1,6.4,7.9,0.6,-3.1,-0.6,0.007421204000000001
1191,5.77,-0.14,359.73,0.00753,209.3,6.2,8.1,0.7,-3.2,-0.6,0.0074547
1192,5.67,-0.14,359.73,0.007596,209.5,6.1,8.2,0.8,-3.4,-0.6,0.007512444
1193,5.57,-0.14,359.73,0.007662,209.7,6.0,7.5,0.8,-3.5,-0.6,0.007593042
1194,5.47,-0.14,359.73,0.007728,209.9,5.8,7.1,0.9,-3.1,-0.7,0.007712544
1195,5.37,-0.14,359.73,0.007795,210.1,5.7,6.0,0.9,-3.5,-0.7,0.007763819999999999
1196,5.27,-0.14,359.73,0.007863,210.3,5.6,5.9,1.0,-2.8,-0.6,0.007863
1197,5.17,-0.14,359.73,0.007931,210.5,5.5,5.5,1.0,-3.3,-0.7,0.007970655
1198,5.07,-0.14,359.73,0.008,210.7,5.3,5.7,1.1,-2.8,-0.8,0.007984
1199,4.97,-0.14,359.73,0.008069,210.9,5.2,5.7,1.1,-2.1,-0.7,0.008044793
